rating,ulasan,label-rating,label-pakar
4,Setelah selesai mengikuti kursus tapi susah untuk mendapatkan sertifikat nya,POSITIF,NEGATIF
2,Setelah di update kenapa terhubung ke server jadi malah lama banget ke bukanya ya Ã°Å¸ËœÂ¢ jadi susah buat belajar lagi. Tolong segera di perbaiki ya,NEGATIF,NEGATIF
3,Mau langganan binar go waktu pembayaran ga bisa force close app nya,NETRAL,NEGATIF
1,Kok eror ya aplikasinya .. Muter muter terus?,NEGATIF,NEGATIF
1,Loading mulu ga jelas. Padahal jaringan ku bagus,NEGATIF,NEGATIF
4,"Baru download sih, tapi ini rekomended sih menurut gw bahasa nya mudah dipahami + gambar yang enak di liat , semoga saja bisa bermanfaat untuk aku dan temanÃ‚Â² Ã°Å¸ËœÅ’",POSITIF,POSITIF
3,Sering keluar sendiri,NETRAL,NEGATIF
2,"Padahal sebelumnya aplikasi ini masih bagus2 aja, tapi sekarang kok kayak loading mulu yah, padahal jaringan gw bagus",NEGATIF,NEGATIF
2,"Maaf setelah update, malah koneksi ke server lambat malah loading terus. Banyak menu yg ngeglitch. Tolong diperbaiki.",NEGATIF,NEGATIF
3,"Sudah 1 minggu kebelakang binar bootcamp tidak bisa dibuka, hanya loading terus-menerus, kehilangan kesempatan bergabung dipromo ultah binar,",NETRAL,NEGATIF
1,"Bug banyak, pembayaran masih kuno masih pake google play yang banyak gangguannya masih mending pake midtrans cepet ngak ribet",NEGATIF,NEGATIF
1,"Maaf min aplikasi nya eror, mohon perbaikannya bagian profile dan akses lewat mobile app nya",NEGATIF,NEGATIF
1,Padahal yang punya binar ex orang gojek tapi appsnya kaya buatan mahasiswa baru belajar pemrograman mobile,NEGATIF,NEGATIF
4,Oke jga,POSITIF,POSITIF
1,"Mau heran, tapi liat Quiz di FB tentang Kemampuan Yang Cocok aja, gak ada jawaban.. malah jadi nawarin Produk.. website MBTI aja ngasih tau kok Personality kita tanpa harus bayar dulu.. Ã°Å¸Ëœâ€š",NEGATIF,NEGATIF
4,Semoga ketrampilan digital saya semakin meningkat,POSITIF,POSITIF
1,Cara belajarnya seru tapi sekarang kok gak bisa diakses ya,NEGATIF,NEGATIF
1,"Buang buang waktu,udah bayar 3,5 juta, gak bisa refund",NEGATIF,NEGATIF
1,Belajar,NEGATIF,NETRAL
5,Salah satu tempat bootcamp terbaik di Indonesia.,POSITIF,POSITIF
1,Perbaiki donk aplikasinya. Banyak bug nya nih aplikasi jadi males langganan,NEGATIF,NEGATIF
1,Saya tidak memberikan bintang 5 sebelum pertanyaan saya di jawab okeh!!,NEGATIF,NEGATIF
3,Update ke versi 6 parah sihh ada bugs tp lama penanganan nya... Level gold sy jd ga bisa di gunakan trus level silver sy harus dr ulang... Ini abis update emang ga di rollback dulu yaa?,NETRAL,NEGATIF
4,Belum faham.,POSITIF,NETRAL
5,Top Banget,POSITIF,POSITIF
1,"Sangat kurang bgus,harus di perbaiki bug y,jangan terlalu bug dan bug",NEGATIF,NEGATIF
3,Ok,NETRAL,POSITIF
4,Terbarukan...,POSITIF,POSITIF
5,Ok,POSITIF,POSITIF
3,Pengalam saya tentang bantuan bensos yg saya tidak perna terimadr thn 2o2oblnapril smp sekarang 2o22 trimakasih mohon kepdulian Bapa2 pengurus,NETRAL,NETRAL
1,Opsional,NEGATIF,NETRAL
1,"Pembayarannya sulit, cs d hub juga sulit",NEGATIF,NEGATIF
5,AmazingÃ°Å¸â€˜ÂÃ°Å¸â€˜Â,POSITIF,POSITIF
4,Sangat bermanfaat,POSITIF,POSITIF
1,Bagus,NEGATIF,POSITIF
5,Mantapss,POSITIF,POSITIF
5,Mantap,POSITIF,POSITIF
5,Bagus,POSITIF,POSITIF
5,Mantap sekaliÃ°Å¸â€˜Â,POSITIF,POSITIF
5,Ok,POSITIF,POSITIF
1,"Kurang rekoment si, soal nya banyk errornya dan bug nya. Jelek",NEGATIF,NEGATIF
5,Bagus aplikasinya,POSITIF,POSITIF
1,"Wasting time! No offense ya min, tapi sepertinya masih ada bug waktu saya jawab quiz di materi silver. Jawabannya benar, namun terdeteksi jawaban saya salah, tapi bisa lanjut ke slide selanjutnya. Lalu, setiap lanjut ke slide berikutnya membutuhkan waktu yang lama. Padahal pindah-pindah menu di apps lancar.",NEGATIF,NEGATIF
5,Aplikasi pembelajaran yg keren,POSITIF,POSITIF
2,ok,NEGATIF,POSITIF
5,Saya sangat senang dgn akun ini semua info SDH tercantum di akun ini smg teman teman bermanfaat senang dgn binar,POSITIF,POSITIF
1,"Program studi independennya kacau, di awal katanya dapet uang kuota tapi ternyata sampai program berakhir masih belum ada kejelasan",NEGATIF,NEGATIF
5,gwood,POSITIF,POSITIF
2,ingin mempermudahkan anak 2 kedalam jenjang pendidikan,NEGATIF,NETRAL
3,Setelah apk ada update sistem belajar jadi terganggu karena proses loadingnya sangat2 memakan waktu.,NETRAL,NEGATIF
5,"Tolong masalah loadingnya di perbaiki Ã°Å¸â„¢Â Pas next ke topik berikutnya loadingnya lama (Ã¢ÂÂ Ã£Æ’Å½Ã¢ÂÂ Ã Â²Â¥Ã¢ÂÂ ,Ã¢ÂÂ _Ã¢ÂÂ Ã¯Â½Â£Ã¢ÂÂ Ã Â²Â¥Ã¢ÂÂ )Ã¢ÂÂ Ã£Æ’Å½Ã¢ÂÂ Ã¥Â½Â¡Ã¢ÂÂ Ã¢â€Â»Ã¢ÂÂ Ã¢â€ÂÃ¢ÂÂ Ã¢â€Â»",POSITIF,NEGATIF
1,Setiap buka mater bug dan lemot terus padahal sinyal aman2 aja. Buang waktu krna bug,NEGATIF,NEGATIF
2,"Mau lanjutin binar go malah wasting time di aplikasi yg lemot dan banyak error adeh. Buang"" waktu langganan aja. Masih mending jika dikasi garansi langganan. Udh seminggu gk bisa play binar go.",NEGATIF,NEGATIF
5,Hebat,POSITIF,POSITIF
5,Subsidi tepat ekonomi lancar,POSITIF,NETRAL
2,Saya belum pernah coba,NEGATIF,NETRAL
1,Please wait,NEGATIF,NETRAL
1,Cewek yg bawain iklannya jerawatnya edan banget. Gada bagus2nya iklannya,NEGATIF,NEGATIF
5,Bismillahirrahmanirrahim kunfajakun amin ybbal alamin,POSITIF,NETRAL
2,Force close min,NEGATIF,NEGATIF
5,trbaik,POSITIF,POSITIF
5,Sangat menarik dan berguna..jd bisa di blg aplikasi yg ada manfaatnya utk terus bisa belajar mengembangkan diri,POSITIF,POSITIF
5,Good,POSITIF,POSITIF
5,"Kami di bawah garis kemiskian punyak anak dua perempuan masih sekolah , kerja kami serabutan pendapatan kami tidak menetu,karena sulitnya pekerjaan walau sebagai buruh , banyak nganggurnya dari pada pekerja , karena saking sulitnya cari kerja walau kerjaan kasar sekalipun.",POSITIF,NETRAL
5,Saya kurang paham dgn ini tapi gk ppa sya kasih bintang 5Ã°Å¸ËœÂ¬Ã°Å¸ËœÂ¬,POSITIF,NETRAL
2,"Edit profile gak bisa, force close",NEGATIF,NEGATIF
5,Mantap,POSITIF,POSITIF
5,Badan pengurus ikatan,POSITIF,NETRAL
5,OK,POSITIF,POSITIF
3,"Loading aplikasi terlalu lama sehingga membuat kita malas lanjutin materi, tolong ditingkat kan lagi dari segi responsive",NETRAL,NEGATIF
5,Loading terlalu lama pas ganti slide,POSITIF,NEGATIF
5,dicoba dahulu uuuuuu,POSITIF,NETRAL
5,Bzgus dan mantap,POSITIF,POSITIF
5,Ok,POSITIF,POSITIF
1,"Apk apaan nih kok gak ada bahasan Html,css,dan sebagainya.iklanya nyasar pula",NEGATIF,NEGATIF
5,"Sangat bagus,",POSITIF,POSITIF
5,Aplikasi yang bagus,POSITIF,POSITIF
5,Ok,POSITIF,POSITIF
4,"Maaf sebelumnya, kok pas saya lagi belajar dan akan melanjutkan ke topik selanjutnya kok gak bisa ya? Ada tulisan ""maaf, sedang terjadi kesalahan pada server"" dan saya pun gak bisa lanjut ke topik berikutnya. Tolong diperbaiki ya min, lagi semangat semangat nya belajar coding nih.Ã°Å¸â„¢ÂÃ°Å¸â€˜ÂÃ°Å¸â€™Âª",POSITIF,NEGATIF
5,good,POSITIF,POSITIF
3,Kereen,NETRAL,POSITIF
5,Terus berkarya demi Bangsa,POSITIF,NETRAL
5,Keren Sekali,POSITIF,POSITIF
5,Membantu,POSITIF,POSITIF
2,"Ini aplikasi yg loadingnya paling lama! Ditunggu 5menit gak ada perubahan, masih juga loading, langsung uninstall!!!!!!!!!!!!",NEGATIF,NEGATIF
4,Aplikasi cukup simple namun materinya sangat lengkap dan terstruktur,POSITIF,POSITIF
5,"Keren, walaupun belum liat semua fiturnya. Karena aku terlalu fokus belajar di binar ini hehe. Ilmunya sangat bermanfaat banget, banyak pilihan yg bisa kita pilih apa yg mau kita pelajari di era yang maju ini. Dengan teman diskusi yg gak akan kita bikin bosen dan ketika kita membaca materi pun serasa diajak ngobrol jadi kesannya santai bermanfaat. Ada yg gratis ada juga yg harus bayar. Belum coba yang bayar tapi keknya lebih seru deh. Terima kasih banget buat kakakÃ‚Â² yg udh bikin aplikasi ini.",POSITIF,POSITIF
5,Ok,POSITIF,POSITIF
1,Bug muluk ...,NEGATIF,NEGATIF
5,Good,POSITIF,POSITIF
5,Bagus,POSITIF,POSITIF
2,"Sepertinya tidak ada fitur Pencarian,cari tentang Desain malahan kosong? Gimana ya kontak pun ganti kenapa ngga langsung link aplikasi ya?? Kemudian dari Publik Speaking tolong diperbagus lagi,masih agak kaku tuh",NEGATIF,NEGATIF
5,BagusÃ°Å¸â€˜Â,POSITIF,POSITIF
1,"login dengan google, muter-muter terus, sebentar ya",NEGATIF,NEGATIF
3,"Apk nya bagus gampang dipahami sayang sering banyak bug, contohnya di mobile development yg tahap ""seru kan??"" Itu eror gabisa lanjut ke tahap berikutnya",NETRAL,NETRAL
5,Sangat d bantu nya,POSITIF,POSITIF
5,Good,POSITIF,POSITIF
5,good untuk meningkatkan skill,POSITIF,POSITIF
5,"Kakak, tolong diperbaiki. Kenapa setiap klik gambar kembali lagi ke hal awal jadi repot kan mesti klik next untuk ke hal yg terakhir dibaca.",POSITIF,NEGATIF
5,Apikasi cukup bagus,POSITIF,POSITIF
1,Lemot nge load page nya sama ketika buka gambar nya malah ngulang lagi :'),NEGATIF,NEGATIF
1,"Yang dipelajari program, tapi aplikasi nya aja banyak bug, masa setiap mau next materi langsung force close, Ini bug kan bukan hp saya, Mohon lah di fix, niat mau belajar malah jadi males karena bug.",NEGATIF,NEGATIF
5,Mulai pertama download sama masuk lebih dalam lagi ternyata sangat menambah wawasan untuk soal bisnis,POSITIF,POSITIF
5,Ã°Å¸â€˜ÂÃ°Å¸â€˜ÂÃ°Å¸â€˜Â,POSITIF,NETRAL
5,Bagus sekali,POSITIF,POSITIF
3,"tolong binar di perbaiki hasil sertifikat usernya.. saya sudah 3 kali ikut webinar tapi sertifikatnya jelek sekali... posisi nama gak pas... ada yg kecoret sama judul, ada yg namanya nabrak garis.. kalo sertifikatnya gini jadi mikir 2 kali untuk di taroh di linked in...",NETRAL,NEGATIF
5,RUBEND FERRY SIAHAAN,POSITIF,NETRAL
1,Agak susah gambar y kecil,NEGATIF,NEGATIF
1,"cara pakainya gimana ya admin mohon di bantu, saya mau baca tentang digital marketing selalu ga bisa. Nanti kalau dah bisa di ganti bintang 100",NEGATIF,NEGATIF
5,B*a*g*u*s*,POSITIF,POSITIF
5,Bagus,POSITIF,POSITIF
3,Gak lemot sih tapi saya masih menemukan chapter BinarGo course product management yang loadingnya lamaaaaa banget ga kebuka2. Padahal koneksi stabil. Tolong diperbaiki karna waktu sy berlangganan juga mau abis cuma buat nungguin loading chapter course nya,NETRAL,NETRAL
4,Good,POSITIF,POSITIF
5,"Apk nya bug kak, dibuka cuma layar homesreen.. Eh tulisan nya gak penting & gak dibaca rupa nya.. Yang penting cuma rating bintang nya ternyata..",POSITIF,NEGATIF
5,Kampus,POSITIF,NETRAL
5,Mantap,POSITIF,POSITIF
5,Tambahkan dark mode agar tidak terlalu terang saat digunakan pada malam hari,POSITIF,NETRAL
2,"tidak bisa melompat ke chapter tertentu , + loading content ny cukup lama pdhl koneksi aman",NETRAL,NEGATIF
3,"Semenjak update page lumayan lancar ketika belajar dan membaca materi nya tapi terkadang agak loading ketika Next/back page dan ada bug sudah tidak sering ketika melihat gambar dari page ketika kembali/ keluar dari gambar beralih ke page awal, yang lumayan kesal/ mood berkurang karena bakal next page lagi ke halaman selanjutnya saran: mungkin bisa menambahkan nomor page agar lebih mudah di acces / belajar nya Ã°Å¸ËœÂsemoga semakin ada update agar stabil dan nyaman saat belajar Ã°Å¸ËœÂÃ°Å¸â€˜ÂÃ°Å¸ÂÂ»",NETRAL,NETRAL
5,Mudah2an saya bisa belajar dan mendapat ilmu dari apl Binar. MantaapÃ°Å¸ËœÂÃ°Å¸â€˜Â,POSITIF,POSITIF
3,Terimakasi saya sudah bergabung,NETRAL,NETRAL
5,Ok,POSITIF,POSITIF
5,Tq..for you attention for educate,POSITIF,POSITIF
5,Suka,POSITIF,POSITIF
4,"Ketika melihat gambar, lalu close atau back malah kembali ke awal materi. Tolong diperbaiki min. Terima kasih.",POSITIF,NEGATIF
5,Jangan kasi iklan lagi,POSITIF,NEGATIF
5,Aplikasi yg oke banget,POSITIF,POSITIF
5,Sangat membantu,POSITIF,POSITIF
5,Ok,POSITIF,POSITIF
3,Oke bro.... LO BUAT PAKE BAHASA JAVA... HOSTING LO BELIMURAH... WAJAR LEMOT.. SEKARANG LO AMBIL AJA DI NIAGAHOSTER VERSI PREMIUM OKE UNTUK HOSTING Oh ya tuker aja bahasa Python aplikasi biar enak,NETRAL,NEGATIF
5,Wow keren Ã°Å¸â€˜Â,POSITIF,POSITIF
5,mantap,POSITIF,POSITIF
4,"Udh ok, terus ditingkatkan...",POSITIF,POSITIF
5,"Semoga selalu sukses,sehat,panjang umurnya yg berkah dan lancar terus rezekinya.aamiin",POSITIF,NETRAL
3,Coba kasih,NETRAL,NETRAL
1,Cukup menjanjikan,NEGATIF,POSITIF
4,"Sudah bagus, hanya saja loading untuk next content agak lama, itu saja yg perlu diperbaiki lagi, mantappp",POSITIF,NETRAL
5,Good,POSITIF,POSITIF
5,Semoga bisa ikut yg premium satu saat,POSITIF,NETRAL
5,Bagus,POSITIF,POSITIF
4,'bagus,POSITIF,POSITIF
5,Klau menurut saya dtanya lngkp kta bsa mlht flome transaksi kripto dlm frekuensi harian jdi mdh untuk menganalisasi mnakh kripto memiliki psar yg LBH lkuid dan mnguntungkan amplikasi nya multi scrity pra pnggunanya aman klau pke indodx,POSITIF,NETRAL
1,Telalu banyak iklan. Pls tolong iklan dihilangkan!,NEGATIF,NEGATIF
5,Aplikasi nya bangus sekali,POSITIF,POSITIF
5,Amazing,POSITIF,POSITIF
4,Thanx Buat aplikasinya....,POSITIF,POSITIF
1,"Payah gambarnya kecil banget, pas di klik dan mau keluar dari gambar malah mulai dari ulang lagi, alhasil ngga bisa di next lagi ketika sampai pada halaman yang terdapat pilihan jawabannya Edited:nah gitu dong dari dulu kek, kan enak kalau gini",NEGATIF,NEGATIF
1,Lama banget loadingnya dan udah ada 2 transaksi udah kebayar tapi course nya masih nggak bisa diakses Ã¢ËœÂ¹,NEGATIF,NEGATIF
1,Aplikasi tak berguna,NEGATIF,NEGATIF
5,Mantap,POSITIF,POSITIF
3,Nyoba dulu,NETRAL,NETRAL
5,Ok,POSITIF,POSITIF
3,Ini gimana kak solusinya waktu saya ada sistem kuis kan belum saya baca nah saya kepencet lanjut lalu kembali di kuis yang sudah dijawab terus saya tidak ada kata lanjut buat next hal nya seperti itu,NETRAL,NEGATIF
2,courses gak tombol lanjutnya perbaiki dong kelengkapannya,NEGATIF,NEGATIF
5,Ok,POSITIF,POSITIF
5,"Adm, kenapa ya materi pelajaran nya berhenti tidak bisa dilanjutkan lagi.. Tolong min",POSITIF,NEGATIF
1,Buruk,NEGATIF,NEGATIF
1,Bug yang meresahkan Setelah Kuis Klik gambar Tombol Lanjutnya gak ada,NETRAL,NEGATIF
4,"Sudah cukup bagus dan lumayan fast ketika next page tapi ketika membuka gambar di page pertengahan/ akhir jika keluar dari gambar / pencet tombol x tiba tiba kembali lagi ke page awal, dan lumayan menghabiskan waktu jika kembali dari awal dan melanjutkan lagi ke page selanjutnya semoga cepet di perbaiki Ã°Å¸â€˜Â",POSITIF,POSITIF
1,"Ma,ap baru coba sayakasih bintang 1 dulu",NEGATIF,NETRAL
5,dibuat candu belajar sama aplikasinya,POSITIF,POSITIF
1,"UDAH BAYAR, TAPI TETAP GAK BISA DI AKSES KELASNYA",NEGATIF,NEGATIF
5,Ok mantap,POSITIF,POSITIF
5,Bunar sangat bagus karna memperkaya pengetahuan,POSITIF,POSITIF
3,"Udah lumayan membaik, tapi masih ngebug dan agak lelet",NETRAL,NETRAL
5,1 kata buat binar. KerennnnnnnnnnnnnnnnnnnnnÃ°Å¸Å’Â»,POSITIF,POSITIF
5,pengertian benar begitu diklik salah,POSITIF,NEGATIF
4,"Bagus, tapi habis uptade ada bug gak bisa ngelanjutin materi yg kita simpan, tombol selanjutnya tidak muncul",POSITIF,NETRAL
3,Udah di update kok masih loading terus ya,NETRAL,NEGATIF
5,Belajar jadi menyenangkan. Semua level silver bisa diakses secara gratis.,POSITIF,POSITIF
5,Sangat membantu sekali untuk menambah wawasan pengetahuan,POSITIF,POSITIF
2,Bukan menghilangkan pirus malah menambah pirus,NEGATIF,NEGATIF
5,"Bagus, bermanfaat, murah",POSITIF,POSITIF
5,Ok Mantap....,POSITIF,POSITIF
5,Udah mulai mengasikan dan ga kendala lemot lagi.. mantappp,POSITIF,POSITIF
5,"Bermanfaat banget buat yang mau belajar coding, marketing, dan lain lain",POSITIF,POSITIF
5,Bagus sekali,POSITIF,POSITIF
1,eror ga bisa dibuka,NEGATIF,NEGATIF
5,Ã°Å¸â€˜ÂÃ°Å¸ÂÂ»,POSITIF,NETRAL
3,"kayak nya masalah server nya ini ,pas login awal bisa sampai 5 menit padahal jaringan stabil",NETRAL,NEGATIF
5,Semoga banyak mencerdaskan orang banyak,POSITIF,NETRAL
5,"Bagus, Saya adalah seorang yang pemula cocok untuk belajar di sini, cepat atau lambat tekun memahami materi emang sulit tidak praktek membuat skil tak menambah, apk yang bagus untuk sebuah percobaan baru untuk pemula,Baik & Trimakasih",POSITIF,POSITIF
3,"Wajarnya Aaddlikasi ini minimal 3Ã¢Ëœâ€ ; Bila TERBUKTII, LANGSUNG 5Ã¢Ëœâ€ .",NETRAL,NEGATIF
5,"Alhamdulillah suka sama materi nya mudah dipahami, insyaallah berlangganan belajar disini, harga terjangkau juga happy, recommended",POSITIF,POSITIF
5,Nice info,POSITIF,NETRAL
5,Materi pembelajarannya mudah dipahami dan kursusnya lebih murah dibandingkan tempat lainnya.,POSITIF,POSITIF
3,"Upgrade Hosting Nya lah, harus nya bersyukur loh user nya banyak. Tolong di upgrade, biar lancar akses kami nya.",NETRAL,NEGATIF
4,Dagang,POSITIF,NETRAL
1,Materi BinarGO gak bisa di akses,NEGATIF,NEGATIF
5,OM. Pn N,POSITIF,NETRAL
5,Sangat bagus sekali,POSITIF,POSITIF
1,"Judul ""pengantar ke dunia aplikasi"" Materinya bagus cuman videonya terlalu culun kurang profesional jadi kita nontonnya kyk org ngajarin anak kecil yg polos banget mohon ditungkatkat lagi videonya yg lebih kreatif dan keren ga culun. Semangat binar akan menjadi platform yg berkualitas.",NEGATIF,NEGATIF
5,"sudah saya kasih rating ulang, udah bisa dan lancar",POSITIF,POSITIF
5,Baru aja pasang aplikasi ini karna secara personal suka sama mba Ala. Tapi tiap buka fitur selalu lemot. Loading aja terus. Sad :(,POSITIF,NETRAL
1,Busuk,NEGATIF,NEGATIF
4,Pembelajaran yang mudah dipahamiÃ°Å¸â€˜Â,POSITIF,POSITIF
5,Sekarang udah lancar apk nya,POSITIF,POSITIF
5,"Parah banget nih binar, lulus kelasnya langsung banyak yang nawarin kerja. Dah bener2 kyk klinik tong fang deh ini binar",POSITIF,POSITIF
4,Keren sangat membantu,POSITIF,POSITIF
3,Coba dulu kalau cocok baru bintang 5,NETRAL,NETRAL
5,"Aplikasi nya bagus banget cocok untuk kalian yang suka baca baca, dan ada fitur histori nya jadi mempermudah kita yang selalu lupa apa yang kita terakhir baca. aplikasinya juga sudah tidak lemot lagi.",POSITIF,POSITIF
1,Kebanyakan iklan,NEGATIF,NEGATIF
5,Materinya bagus,POSITIF,POSITIF
2,Aplikasi nya lemot,NEGATIF,NEGATIF
4,Semoga aplikasinya bisa lebih baik lagi kedepannya,POSITIF,NETRAL
5,"Bagus programnya,karna menciptakan skill SDM",POSITIF,POSITIF
5,"Nah udah bener nih, udah lancar jaya",POSITIF,POSITIF
5,Mantap,POSITIF,POSITIF
5,Sangat cocok untuk kami,POSITIF,POSITIF
1,Iklan mengganggu,NEGATIF,NEGATIF
1,"Dulu sempat aku ingin menjadi pacarmu ... tapi Ku fikir lagi, aku ingin menjadi Insinyur.",NEGATIF,NETRAL
5,Jn timur indah beng kulu,POSITIF,NETRAL
5,Banyak materi gratis,POSITIF,POSITIF
5,Aplikasi yg membantu bagi plajar jigital smoga mendepan ya lebih baik,POSITIF,POSITIF
5,Bagus,POSITIF,POSITIF
5,Alhamdulillah lancar,POSITIF,POSITIF
3,"Untuk aplikasi course tentang teknologi, hal ini jauh di bawah ekspektasi. Ini bintang tiga karena mempertimbangkan pematerinya yang bagus. Kalau nggak udah bintang satu",NETRAL,NETRAL
2,"Lemot ya..., mohon segera perbaikan untuk aplikasinya...,",NEGATIF,NEGATIF
1,"Aplikasi nya lemot, padahal udah pakai wifi tapi tetep aja loading nya lama. Kalau begini percuma berlangganan nya murah kalau mau akses materi nya aja juga susah. Semoga kedepannya bisa diperbaiki.",NEGATIF,NEGATIF
1,"Speed internet sebanter apapun kyknya bkal g kuat ngeload materi dr binar...jam 1 dini hari, pake wifi cm sendiri,,g kuat ngeload materi..",NEGATIF,NEGATIF
1,app nya tolong diperbaiki dong lemot banget,NEGATIF,NEGATIF
1,Belom apa apa udah loading lama banget baru juga daftar akun. Iklan terus kayaknya yang di kencengin. Kecewa,NEGATIF,NEGATIF
5,Luar Biasa Ã°Å¸â€Â¥,POSITIF,POSITIF
2,Lemot aplikasibnya tolong diperbaiki,NEGATIF,NEGATIF
5,Baru saya akan menggali ilmu serta pengalaman yg menarik serta menguntungkan.,POSITIF,NETRAL
1,"Binar GO ada konten Product Management, namun aplikasinya sendiri sepertinya belum bisa menerapkan konsep Product Managementnya itu sendiri. Loading lama, video konten tidak muncul, dan jika ingin membuka materi harus keluar masuk aplikasi karena konten terus loading",NEGATIF,NEGATIF
1,Mohon dengan sangatÃ¢Å“Å’Ã¯Â¸Âdiperbaiki kecepatan login nya karena kalo mau login lamanya minta ampun untuk itu saya kasi 1 star duluÃ°Å¸â„¢ÂÃ°Å¸Ëœâ€¡,NEGATIF,NEGATIF
2,"loadingnya lumayan lama ya :"")",NEGATIF,NEGATIF
3,Makasih,NETRAL,NETRAL
5,Xexx18 seop,POSITIF,NETRAL
5,Sedang mendonwload,POSITIF,NETRAL
1,Register aja muterÃ‚Â² mulu nih,NEGATIF,NEGATIF
1,Lemot bgt pdhl jaringan aku bagus,NEGATIF,NEGATIF
1,"Lemot, loading mulu",NEGATIF,NEGATIF
3,Lambat,NETRAL,NEGATIF
1,Gimana nih ak gk bisa daftar tunggu sebentar teros teros kalo lewato dulu deh saat ak masukin nama kunpencet selanjutnya gk ada apa apa we gkasuk gk loding rolong perbaiki lah,NEGATIF,NEGATIF
1,Ini kok gak bisa bikin akun sih. Ketembak iklan tadi,NEGATIF,NEGATIF
5,Sangat bagus aku kasi bintang lima,POSITIF,POSITIF
1,"Aplikasinya lemot banget kak, mohon diperbaiki",NEGATIF,NEGATIF
3,"Mau ikut event harga tiket 5ribu, ga punya gopay, bayar via VA, ATM ga bisa karena minimum pembayaran",NETRAL,NEGATIF
1,"Apk cacat, mau login lelet minta ampun",NEGATIF,NEGATIF
5,Materi yang disajikan sangat aplikatif dan menarik serta menambah insight baru yang menjadikan kita bisa berpikir kritis. The best deh pokoknya Binar Academy Ã°Å¸â€Â¥Ã°Å¸â€Â¥,POSITIF,POSITIF
3,Tolong di fix lagi ini kenapa lemot2 yaa? Soalny susah kalo mau belajar trus lemot. Mohon di fix lgi yaa materinya udah bgus2 kendalanya hanya di lemot apknya Mksih.,NETRAL,NETRAL
1,Kok gambarnya gk kluar..signalnya lemot..mohon untuk segera di fix..,NEGATIF,NEGATIF
5,"aplikasinya bagus, tp terkadang pas buka materi suka lemot.",POSITIF,NETRAL
3,"Untuk sprint pertama lumayan desainnya dan user flownya mudah dipahami, perlu di tingkatkan ketika query jenis kelas dan query menampilkan data dari database sepertinya sedikit lama. Sekedar saran bisa ditingkatkan kecepatannya biar user lebih betah mengakses dan belajar di binar. Semangat tim binar Ã¢ÂÂ¤Ã¯Â¸Â",NETRAL,NETRAL
2,Maaf aplikasi Lemot parah....,NEGATIF,NEGATIF
4,rekolusi tender perhiasan,POSITIF,NETRAL
1,Kontennya bagus tapi lemot. Update bintang 5 kalau udh ngga lemot Ã°Å¸â€™Âª,NEGATIF,NEGATIF
5,Bagus..,POSITIF,POSITIF
1,"Lelet banget aplikasinya,",NEGATIF,NEGATIF
5,Terapkan,POSITIF,NETRAL
5,Mantap,POSITIF,POSITIF
2,"Aplikasi sangat lemot sekali, sudah subscribe binar go, mau belajar tapi malah lemot aplikasinya",NEGATIF,NEGATIF
1,"Saya kok buka aplikasi nya Lemot banget ya min, harus keluar dlu beberapa x baru bisa akses pelatihan nya,mohon di cari tau bug nya min",NEGATIF,NEGATIF
1,Loadingnya luamaaaa buanget tolong di perbaiki secepatnya ya padahal koneksi lancar lho,NEGATIF,NEGATIF
1,"Lemot gini, perbaiki dulu apk nya baru bikin client terpesona",NEGATIF,NEGATIF
4,Mantaaab,POSITIF,POSITIF
4,"Tidak ada satu untaian kata selain, semangat terus untuk mencerdaskan anak bangsaÃ°Å¸â€¡Â²Ã°Å¸â€¡Â¨Ã°Å¸â€¡Â²Ã°Å¸â€¡Â¨Ã°Å¸â€Â¥Ã°Å¸â€Â¥",POSITIF,POSITIF
5,Perlu peningkatan app,POSITIF,NEGATIF
2,Sungguh lemotbanget aplikasinya wkwkek,NEGATIF,NEGATIF
1,lemot bgt sumpahh,NEGATIF,NEGATIF
3,Aku tertipyu dengan iklan ku kira gratis hehehehe,NETRAL,NEGATIF
1,"Sering loading lemot banget, kadang eror. kayak kita perlu sering menutup aplikasinya dulu lalu dibuka kembali, cukup melelahkan untuk mengeksplorasi fitur-fitur di dalamnya. Fitur penyimpanan materi seharusnya dimunculkan di halaman home. Mungkin bisa lihat seperti Udemy sebagai referensi tampilan dan juga diperbaiki agar mudah diakses (internet bagus tetap aja susah soalnya)",NEGATIF,NEGATIF
5,Bagus ini apps utk belajar secara online,POSITIF,POSITIF
2,Walaupun materi bagus tapi aplikasi lemot menguras waktu. Awalnya Pengen balajar jadi gak mood,NEGATIF,NETRAL
5,Lebih praktis kalo buat ngerjain chapter ..hehehe,POSITIF,POSITIF
1,"Aplikaso sangat lemot, mengecewakan Ã°Å¸ËœÂ­",NEGATIF,NEGATIF
1,Sanganbagus,NEGATIF,POSITIF
2,"Lemot pas buka materinya, tolong di perbaiki ya",NEGATIF,NEGATIF
1,"APLIKASI BERAT BANGET , GA BISA DIBUKA",NEGATIF,NEGATIF
5,It's Good Ã°Å¸â€˜Â,POSITIF,POSITIF
5,Gg ini hanya aku b.,POSITIF,NETRAL
5,"Darisekian aplikasi yang ngajarin teknologi, aku bisa mudengnya cuma sama binar, meskipun menurutku mahal smpai 5jt dan skrg q harus nabung dikit2 duku tapi alhamdulilahnya minggu kemarin binar buka course berlangganan dibawah 20 ribuan per bulan, sementara nabung tetap bisa bljr jg",POSITIF,POSITIF
5,baguss,POSITIF,POSITIF
5,"Sangat bagus, bahasa mudah dipahami jadi lebih terdorong untuk mencari tahu lebih",POSITIF,POSITIF
5,Jos,POSITIF,POSITIF
5,Good,POSITIF,POSITIF
5,Bermanfaat,POSITIF,POSITIF
1,Kase murah sedikit mahal sekali,NEGATIF,NEGATIF
3,Good job,NETRAL,POSITIF
5,Keren,POSITIF,POSITIF
3,"Cukup bermanfaat untuk menambah wawasan tapi sayangnya masih banyak bug, apliasi berasa berat banget",NETRAL,NETRAL
2,"kendala lemot ketika membuka/klik gambar pada isi materi, setelah menutup gambar dan melanjutkan membaca materi, prosesnya loading sangat lama sekali/lemot, padahal jaringan stabil. sudah saya test menggunakan beberapa provider dan restart device hasil tetap sama. mohon untuk segera diperbaiki. rating akan saya rubah ketika sudah diperbaiki. terimakasih",NEGATIF,NEGATIF
5,Mantap,POSITIF,POSITIF
5,Jika,POSITIF,NETRAL
5,Aplikasi belajar skill digital terjangkau dan berkualitas. Terbaik,POSITIF,POSITIF
1,"Cara promosinya ngak benar, pembohongan publik. Katanya gratis padahal semua berbayar. Jelek bangat.",NEGATIF,NEGATIF
1,"BEBAYAR SEMUA, DAN MAHAL GILA DIATAS 5 JUTA",NEGATIF,NEGATIF
1,Ujung ujung nya bayar nyari duit jga bahahaha,NEGATIF,NEGATIF
5,Ok,POSITIF,POSITIF
5,Yoroshiku onegasimasu,POSITIF,NETRAL
5,Aplikasi ini sangat mendukung bagi saya..luuarr biaasa,POSITIF,POSITIF
4,Yaa baiklah,POSITIF,POSITIF
1,Jangan didownload berbayar rpnya. Gak gratis,NEGATIF,NEGATIF
5,"Aplikasi belajar digital skill terbaik yang pernah saya jumpai. Materi dan pembahasan nya mudah di pahami serta ada fitur dimana kita harus mengerjakan soal ketika kita mempelajari materi baru, menurut ku itu fitur uang bagus, karena kita di tuntut agar bisa memahami materi dengan baik, buat kalian yang ingin belajar digital skill boleh nih di coba",POSITIF,POSITIF
2,Untuk loading pagenya masih terlalu lamaa huhu,NEGATIF,NEGATIF
5,Keren apknya mudah di pahami,POSITIF,POSITIF
3,Ilmu yg bagus untuk jaman digital,NETRAL,POSITIF
5,App kren bgt,POSITIF,POSITIF
5,"Ikut Bootcamp FSW dari Binar Academy, learning path lebih terarah dan materi yang di sajikan begitu lengkap, detail, dan mudah dipahami. Dan di support mentor yang ahli dibidangnya dan membagikan pengalaman kerja di dunia industri. Dan terakhir challange yang begitu menantang jadi mengasah kemampuan materi yang telah dipelajari sebelumnya. Bangga menjadi Binarian. Sukses dan maju selalu Binar Academy",POSITIF,POSITIF
1,Pantes Indonesia sulit maju di bidang teknologi... Pelit ilmu Ã°Å¸Â¤Â£,NEGATIF,NEGATIF
1,"Aplikasi blokgoblk, kenapa akun google saya di hapus setelah di uninstall apk ini, perlu tidakan pada akun katanya",NEGATIF,NEGATIF
5,Saya mau belajar dan mendapatkan pekerjaan dari binar..,POSITIF,POSITIF
5,"Saran sih, kalau bisa tambahin iklan dong buat mengasah tambahan sekaligus mensupport. Contoh kalau nonton iklan kita bisa dapat konten tambahan atau premium satu hari ( lihar 3-5 iklan). Ok sekian saran saya.",POSITIF,NETRAL
5,Good aplikasi,POSITIF,POSITIF
5,Mantap sangat bermanfaat,POSITIF,POSITIF
5,Keren dan sangat bermanfaat.,POSITIF,POSITIF
5,Binar academy berinovasi dalam menyajikan pendidikan dan menciptakan pengalaman belajar yang menarik sekaligus menyenangkan.,POSITIF,POSITIF
5,Bagussss,POSITIF,POSITIF
5,Keren,POSITIF,POSITIF
5,Mantap,POSITIF,POSITIF
5,Keren,POSITIF,POSITIF
5,Keren Mengasah otak saya thank you,POSITIF,POSITIF
5,Keren aplikasinyaa gara2 ini skill development pemograman ku meningkat. Ada kelas2nya juga sesuai minat kitaa. Mantap pokoknya,POSITIF,POSITIF
5,Goks,POSITIF,POSITIF
5,Aplikasi ini sangat bagus Ã°Å¸â€˜ÂÃ°Å¸â€˜ÂÃ°Å¸â€˜Â,POSITIF,POSITIF
5,telah membantu saya banyak memberikan informasi dunia tekhnologi,POSITIF,POSITIF
5,Ã°Å¸Â¤ÂÃ°Å¸ÂÂ»Ã¢ÂÂ¤Ã¯Â¸Â,POSITIF,NETRAL
5,Terimakasih binarian. Saya dapat mengenal bahasa pemrograman dari aplikasi binar,POSITIF,POSITIF
1,Oky,NEGATIF,POSITIF
5,"Keren app nya, saya dapat banyak mempelajari tentang internet",POSITIF,POSITIF
1,Mantap membuat kita cepat pintar dan tidak merusak tatanan kewarasan.,NEGATIF,POSITIF
5,bagus,POSITIF,POSITIF
4,Bagus sih tapi terlalu mahal trus gak pernah ada diskon,POSITIF,NETRAL
4,Sayangnya aq ga punya uang. Apakah ilmu itu harus di beli tanpa ada praktek lapangan ?,POSITIF,NETRAL
3,Maaf ya kak,NETRAL,NETRAL
5,Aplikasinya simple to the point,POSITIF,POSITIF
4,Aplikasi belajar digital paling top,POSITIF,POSITIF
5,GoodÃ°Å¸â€˜ÂÃ°Å¸â€˜ÂÃ°Å¸â€˜Â,POSITIF,POSITIF
5,Apk ini sangat membantu,POSITIF,POSITIF
5,Ini aplikasi bagus banget. Tapi kemahalan untuk jadi member premiumnya.,POSITIF,POSITIF
5,Suka banget,POSITIF,POSITIF
3,apakah apk ini ada pembelajaran yang gratis apa bayar semua ya??,NETRAL,NETRAL
3,"Ini mah programming isinya, mau ke devops, it security, it networking, network programming.....komen2 bagusnya mencurigakan....",NETRAL,NEGATIF
1,"Tidak disarankan karena berbayar, dan tidak ada tutorial",NEGATIF,NEGATIF
1,Dimana buka materi gratisnya ya? Kayanya berbayar semua dah Kasih bintang 1 dulu ya kalo ada info cara buka yang gratisnya baru di tambah,NEGATIF,NEGATIF
5,Aplikasinya bagus,POSITIF,POSITIF
4,Bagus dan sangat baik,POSITIF,POSITIF
5,Baik,POSITIF,POSITIF
2,Kelas,NEGATIF,NETRAL
5,Fitur efektif dan dinamis,POSITIF,POSITIF
5,Keren,POSITIF,POSITIF
5,Baik dan lancar,POSITIF,POSITIF
5,jadi lebih paham tentang dunia percodinganÃ°Å¸â€˜ÂÃ°Å¸â€˜Â,POSITIF,POSITIF
5,Sangat membantu,POSITIF,POSITIF
5,"BAGUSS bgt sii mulai dari pemberian materi, basic nya gratiss loh ges klo mw lanjut ya bayar :/, tpi overall ini paham di mengerti dan ga banyak basa basi atau cukup singkat !Ã°Å¸Ëœâ‚¬Ã°Å¸Ëœâ‚¬",POSITIF,POSITIF
5,Sangat membantu,POSITIF,POSITIF
1,"Baru klik udak ke tutup, kli lagi ketutup lagi, Perbaiki dulu",NEGATIF,NEGATIF
5,Ã¦Å¾â€”Ã¨Â¬ÂÃ§Ë†Â¶,POSITIF,NETRAL
4,Sangat bermanfaat dan mudah difahami,POSITIF,POSITIF
5,Semoga berhasil,POSITIF,POSITIF
5,"Binar memang mantap, materinya mudah dipahami Ã°Å¸ËœËœÃ°Å¸ËœËœ",POSITIF,POSITIF
5,Ã°Å¸â€˜ÂÃ°Å¸â€˜ÂÃ°Å¸â€˜Â,POSITIF,NETRAL
3,Percobaan/ perkenalan,NETRAL,NETRAL
5,Pengen belajar kodinger,POSITIF,NETRAL
5,Good,POSITIF,POSITIF
3,Tidak suport android 5.1,NETRAL,NEGATIF
5,Kalian wajib download ya gaes yaaÃ°Å¸â€Â¥Ã°Å¸â€Â¥Ã°Å¸â€Â¥,POSITIF,POSITIF
5,Sangat membantu dan informatif,POSITIF,POSITIF
5,Tidak perlu basa basi langsung saja download badass abis,POSITIF,POSITIF
5,Ã°Å¸Å’ÂÃ°Å¸Å’ÂÃ°Å¸Å’ÂÃ°Å¸Å’Â,POSITIF,NETRAL
5,Lumayan,POSITIF,POSITIF
5,Ini keren bangeeeetttt.......kalau mas menteri nadiem tahu pasti auto download....,POSITIF,POSITIF
4,Bagus aplikasinya,POSITIF,POSITIF
5,bagus banget sangat bermanfaat,POSITIF,POSITIF
5,Aku baru mau coba gabung di apk ini.moga bermanfaat,POSITIF,POSITIF
5,Aplikasi baguuuuss banget. Ã°Å¸â€˜ÂÃ°Å¸â€˜ÂÃ°Å¸â€˜Â,POSITIF,POSITIF
5,Bagus,POSITIF,POSITIF
5,Baru install semoga dapet banyak ilmu aminnn,POSITIF,POSITIF
5,Bagus,POSITIF,POSITIF
5,"Aplikasi yang sangat baik dan bagussss, dan juga menarik",POSITIF,POSITIF
5,Sangat membantu untuk para pencari kerja,POSITIF,POSITIF
5,Apps sudah baik untuk belajar web dev Ã°Å¸â€˜ÂÃ°Å¸â€˜Â,POSITIF,POSITIF
5,"Kursusnya mudah dipahami, asyik belajar di Binar, jadi pengen belajar terus",POSITIF,POSITIF
5,"Baguslah, appnya memberikan materi dgn fitur yg menarik dan penjelasan yg tidak membosankan",POSITIF,POSITIF
5,Terimakasih telah membuka wawasan,POSITIF,POSITIF
5,Mantap,POSITIF,POSITIF
5,Bagus banget aplikasinya,POSITIF,POSITIF
5,Keren banget!!,POSITIF,POSITIF
5,Aplikasi yang sangat berguna!,POSITIF,POSITIF
5,Aplikasinya keren bangett sih ngebantu kita lebih mengerti tentang dunia digital Ã°Å¸â€˜ÂÃ°Å¸â€˜ÂÃ°Å¸â€˜ÂÃ°Å¸â€˜ÂÃ°Å¸â€˜Â,POSITIF,POSITIF
5,Aplikasi ini cocok untuk yang mau belajar materi pendalaman di bidang yang khusus. Tersedia juga banyak pilihan materi yang mana akan digunakan banyak perusahaan di era revolusi industri 4.0,POSITIF,POSITIF
5,"Aplikasi belajar nomer 1 di PlayStore. Membantu banget bagi semua kalangan, terutama yang mau belajar tentang Full-Stack Web, BUSINESS intelligence analyst, ui / UX research & design, Android engineering, product management, dan masih banyak lagi. Di sini juga ada insight2 yang keren banget karena dibimbing langsung oleh profesional di bidang, kemudian setelah lulus dari belajar di binar academy kita langsung dicarikan kerja oleh binar academy Aplikasi yang sangat bermanfaat. Yuk instal!",POSITIF,POSITIF
5,"Wah, aplikasi ini perfect banget. Kita jadi bisa belajar lebih banyak tentang ilmu bisnis. Thebest deh ni aplikasi apalagi fitur fiturnya Yang bikin kita nyaman banget.",POSITIF,POSITIF
5,Cocok banget nih aplikasinya buat kita yang mau belajar meniti karier di industri digital. Belajarnya juga gampang paham karena fasilitatornya ngga pake istilah2 yang rumit,POSITIF,POSITIF
5,Sangat bermanfaat untuk developing skill,POSITIF,POSITIF
5,Aplikasi binar ini cocok banget buat kalian yang mau belajar meniti karier di industri digital. belajarnya juga dibimbing fasilitator ternama,POSITIF,POSITIF
5,Aplikasinya sangat membantu dan bermanfaat,POSITIF,POSITIF
5,"Keren, sangat bermanfaat",POSITIF,POSITIF
5,"Tau aplikasi ini dari influencer, trus stelah download menarik juga, coba baca ternyata ada penjelasan yang rinci buat kita yang ingin tau dasar dari industri digital, penasaran sih pas tau ada level silver yang di disediakan secara gratis, saya tertarik ke anroid engineering, di level silver yang isinya pengenalan dasar dan penjelasan rinici lainnya dengan bahasa yang mudah di pahami meski kita bukan anak TI. Aplikasi ini membantu generasi muda untuk lebih mengenal dunia digital. Kren sih",POSITIF,POSITIF
5,Aplikasinya keren dan bermanfaat Ã°Å¸â€˜Â,POSITIF,POSITIF
5,Aplikasinya keren. Sangat membantu buat belajar ilmu digital,POSITIF,POSITIF
5,"Baru kali ini deh bisa paham ngoding dengan mudah, biasanya materi ngoding tu bahasanya baku dan formal, tapi di binar bahasanya pake bhasa sehari hari kadi mudah bangett di pahamii. Pokonya the best la Ã°Å¸ËœÂ",POSITIF,POSITIF
5,Sangat bermanfaat dan keren banget,POSITIF,POSITIF
5,Aplikasi binar sangat membantu untuk belajar dan menambah wawasan dengan akses yang mudah.,POSITIF,POSITIF
5,bagus banget sangat bermanfaat,POSITIF,POSITIF
5,"Well, app binar academy sangat menarik dan penuh dengan kemanfaatan. Banyak hal informasi berharga dan keren tentang pendidikan di binar academy. Ada juga pembelajaran yg bisa diambil. So apalagi, langsung download dan raih semua kemanfaatan nya",POSITIF,POSITIF
5,Sangat membantu sekali.. bnyak hal yang menarik untuk di pelajari Ã°Å¸â€˜Â,POSITIF,POSITIF
5,"Wooow binar sungguh sungguh keren,perfect, nggak bakalan nyesel jika instal aplikasi ini karena disini kita benar benar dapat banyak pengetahuan yang awalnya kita nggak tahu apa apa jadi akan tahu, jadi buat kalian yang ingin mendalami tentang pemrograman android yg mudah dipahami. Dan ada banyak pilihan materi lainnya wajib download dijamin nggak bakalan nyesal. Sukses terus buat binar",POSITIF,POSITIF
5,Worth it banget buat yang mau belajar mengenai dunia digital untuk pertama kali. Dijelasin dari dasar dengan cara penyampaian yang runtut serta menggunakan bahasa dan analogi yang mudah dimengerti.,POSITIF,POSITIF
5,"Binar Academy bisa belajar online dengan course Android engineering, Full-stack web development, dan UI/UX design.",POSITIF,POSITIF
5,"aplikasi yg sangat bermanfaat bagi yg punya keinginan tinggi dalam belajar hal baruuu nihh apalagi dunia kerja jaman sekarang, harus bisa belajar cepat dengan hal baru .. dan aplikasi ini amat sangat membantu .. semoga semakin bnyak ilmu yg bisa diambil dari aplikasi ini ..",POSITIF,POSITIF
5,"Aplikasi yang bagus untuk menambah insight terutama di bidang perindustrian, kamu bisa ikut kursusnya dengan berlangganan di binar academy",POSITIF,POSITIF
5,"app yg sangatt bermanfaat, kerenn bgttÃ°Å¸Â¤Â©Ã°Å¸Â¤Â©",POSITIF,POSITIF
5,wahhh ini aplikasih ini keren banget sih tampilanya juga sangat membuat kita jadi makin semangat belajar Ã¢ÂÂ¤Ã¢ÂÂ¤,POSITIF,POSITIF
5,"Fitur di aplikasi binar ini keren banget, aplikasi ini bisa membantu memperluas ilmu pengetahuan",POSITIF,POSITIF
5,"Kukira platform biasa ternyata luar biasa, bisa nambah nambah ilmu pemograman juga nih, belum lagi banyak ahli ahli yang ikut ngajarin, belajar di binar jadi makin semangat dan mudah Ã°Å¸â€˜Â",POSITIF,POSITIF
5,Udah mah belajarnya dibimbing.. bisa dibantu cariin kerja lagi Ã°Å¸ËœÂ­,POSITIF,POSITIF
5,"Awalnya kukira apk biasa dan gak bakal se impact itu buat aku, tapi ternyata apk nya bagus banget sih, nyesel baru tahu sekarangT_T fitur nya juga membantu banget",POSITIF,POSITIF
5,"Aplikasi ini keren bangettt, aku paling suka yang bootcampnya. Bener"" bermanfaat banget buat aku belajar UI/UX Design!",POSITIF,POSITIF
5,kerenn aplikasinya!!,POSITIF,POSITIF
5,Aplikasi yang keren dan bermanfaat sekali buat belajar skill di dunia digital. MANTAP.,POSITIF,POSITIF
5,"Ampun dah, cuma ini aplikasi yang bisa ngalahin notif sosmed. Bikin betah bener. Selain dibuat nyaman dari sisi tampilan, gaya bahasanya juga asik, lain dari yang lain. Suasana belajar jadi berasa lagi ngobrol ama temen sebangku: lebih nyambung, gak ada kaku-kakunya sama sekali. Gak percaya? Sok weh download, cobain sendiri. Gak nyampe 40MB kok ukurannya juga, ramah penyimpanan pisan. Aku gak tanggung jawab tapi ya kalau kalian ikut-ikutan betah di ini aplikasi, xixixixi",POSITIF,POSITIF
5,"ini aplikasi kerenn banget,sangat bermanfaat buat nambah skill,pengalaman,fitur fitur yang diberikan jugaa mantap. Thank you binar :)",POSITIF,POSITIF
5,"Binar ini aplikasi yang sangat membantu dan bermanfaat bagi teman-teman semua yang mau banget belajar ui/ux design, product management, dan masih banyak laagiii!! So, sangat worth it untuk belajar dr binar academy ini!",POSITIF,POSITIF
5,Aplikasi yang bagus dan membantu,POSITIF,POSITIF
5,Jadi auto pindah ke online course ini sihh. Mantep bgttÃ°Å¸ËœÂ,POSITIF,POSITIF
5,Aplikasi ini sangat membantu dalam belajar apalagi adanya fasilitator yang sabgat profesional dalam memberikan arahan,POSITIF,POSITIF
5,Keren bgtttt,POSITIF,POSITIF
5,"Aplikasi belajar digital yang bermanfaat, mudah digunakan, dan cocok untuk para pemula yang ingin mengasah kemampuan.",POSITIF,POSITIF
5,"Ibu pergi ke pasar tadi pagiÃ¢Ëœâ‚¬Ã¯Â¸Â Trus pulang bawa manik manikÃ°Å¸ËœÂ² Emang ga salah lagiÃ°Å¸Â¤â€ Aplikasi ini emang yang terbaikÃ°Å¸Ëœâ€ž Aplikasi yang sangat bagus buat kita kita yang mau belajar di bidang technology. Selain fitur bootcamp yang ciamik, ada juga fitur insight yang ga kalah menariknya. Berasa jadi pintar abissssÃ°Å¸Â¤Â£ Cobain nih gaesÃ°Å¸â€˜ÂÃ°Å¸â€˜Â",POSITIF,POSITIF
5,Ui nya cakep!! Appnya jg gampang digunakan dan bermanfaat pol!,POSITIF,POSITIF
5,"Aplikasi ini ngebantu banget si di masa online kaya gini. Jadi, gaperlu takut skill ga berkembang. ManteupÃ°Å¸â€™Â¯Ã°Å¸â€™Â¯",POSITIF,POSITIF
5,Wah aplikasinya keren parah sih... kenapa aku taunya sekarang yaa nggak dari dulu... cara bahasa mudah dipahami jadi bisa gampang buat belajar... keren banget dahh,POSITIF,POSITIF
5,"Aplikasinya keren, nyesel kalau gk nyoba. Ada banyak course dengan materi yang lengkap dan mudah dipahami. Ingin belajar web development? Di sini dijelaskan dari awal sehingga kalau sebelumnya belum pernah ngoding dijamin bakal paham dan jadi jago. Apakah cuma web? Tentu saja tidak. Ada banyak bidang lain yang bisa dipelajari. Langsung aja instal dan cek sendiri.",POSITIF,POSITIF
5,"Aplikasinya ini sangat bermanfaat dan membantu menambah wawasan, user friendly dan yang paling seru itu boothcampnya apalagi product management sama ui/ux course nya ituu, simple dan ga ribett mudah dipahamii.",POSITIF,POSITIF
5,"Aplikasinya keren, pembahasannya sangat detail cocok banget buat pemula",POSITIF,POSITIF
5,"Aplikasinya membantu bgt buat belajar, penjelasan mudah dipahami dan ilustrasinya jelas.",POSITIF,POSITIF
5,"Aplikasinya sangat membantu dan bermanfaat banget buat nambah wawasan dan ngelatih skill. Para pengajarnya juga ngejelasin materi dengan bahasa sederhana yang mudah kita pahami. Ada fitur yang bakal bantu kita buat cari kerja juga, jadi membantu banget buat yang bingung nyari kerja",POSITIF,POSITIF
5,"Keren banget, usefull banget terutama buat yang pengen belajar it dan bisnis",POSITIF,POSITIF
5,"Wahh kaget banget ada aplikasi se-lengkap ini!! Kita bisa eksplor kemampuan kita dalam hal UI & UX, dan Android Engineering. Ada webinar juga lhoÃ°Å¸ËœÂ²",POSITIF,POSITIF
5,"Wahh keren banget aplikasinya, bahasa mudah dipahami dan cara penggunaanya juga",POSITIF,POSITIF
5,"Aplikasi binar ini memang sangat kerenn!! Dengan aplikasi binar ini, aku jadi lebih memahami mengenai analisis bisnis. Aplikasi binar ini emang cocok buat pemula seperti aku karena aplikasi binar ini menarik dan mudah dipahami.",POSITIF,POSITIF
5,Bagus banget seh,POSITIF,POSITIF
5,Binar keren banget. Bahasanya mudah dipahami. Dan seru saat belajar skill yang adaa,POSITIF,POSITIF
5,Kebetulan banget lagi pengen belajar tentang UI/UX dan di Binar ada banyak course yang dibawain sama speaker berpengalaman,POSITIF,POSITIF
5,Aplikasinya keren. Sangat bermanfaat Ã°Å¸â€˜Â,POSITIF,POSITIF
5,"Aplikasi yang sangan keren, bisa belajar tentang marketing juga di apliasi ini. Terimakasih Binar",POSITIF,POSITIF
5,Andai tau aplikasi ini dari dulu :(,POSITIF,POSITIF
5,Aplikasi pembelajaran yang sangat bagus. Banyak course materi yang bisa dipelajari dan visual serta penyampaian materi yang sangat menarik Ã°Å¸â€˜Â,POSITIF,POSITIF
5,"Aplikasi pembelajaran yang keren. Jalannya smooth dan visualnya bagus, mudah dipakai semua orang. Fiturnya juga bermanfaat, fitur favoritku itu kita bisa nyobain belajar materinya secara gratis sebelum belajar lebih lanjut lagi. Kalo kita mau cari insight juga tinggal nyari talkshow sesuai tema yang diinginkan",POSITIF,POSITIF
5,Aplikasi yang keren banget buat belajar tentang digital skill dan lainnya!,POSITIF,POSITIF
5,Binar adalah aplikasi pembelajaran yang menarik untuk semua orang. Keren banget bisa belajar lewat HP pakai tampilan yang gampang dipahami,POSITIF,POSITIF
5,Cara menggunakan aplikasinya sangat mudah. Apalagi ada fitur pembelian webinar yang sangat inspiratif. Aplikasi yang sangat berguna untuk belajar,POSITIF,POSITIF
5,"Aplikasi ini bener-bener terbaik gak cuma bisa koreksi ejaan tapi juga bisa memperbaiki tata bahasa menjadi baik dan benar. Sangat bermanfaat dan membantu kita banget salah satunya memberikan kemudahan pada instansi pemerintahan tentunya untuk surat-menyurat, instansi pendidikan untuk penulisan karya ilmiah, dll ada fitur ejaannya, ada fitur unggah filenya juga loh sangat membantu sekali keren banget lah pokoknya kaga nyesel deh. coba kenal binar dari dulu tetap konsiten & sukses terus binar",POSITIF,POSITIF
4,"Hai. Ini Anita. So binar itu gimana ? Binar itu startup buat sekolah koding. Berhubung aku suka design.. aku ambil kelas yg UI/UX.. belajarnya seru! Meakipun aku ga kuliah, aku ngerasain kuliah onlin3 kayak orang2. Kenapa bintang 4? Ya karena ada beberapa bagian yang perlu di improve.",POSITIF,POSITIF
5,"Duh Binar itu bener2 so perfect Ã¢ÂÂ¤Ã¯Â¸Â keren banget deh, fitur nya apalagi. Kita bisa tumbuh dan perluas pengetahuan kita dengan binar. Yang tadi nya nggak tau tentang dunia business, development, dan manajemen, bisa paham dan berkembang karena saking baik nya Binar yang menghadirkan speaker profesional dalam setiap even workshop yang diadakan. Pokok nya kalian ngg akan nyesel kalau join. Even nya itu seru dan keren banget, sukses terus ya Binar... Mari sukseskan generasi bangsa. Salam suksesÃ¢Å“Å ",POSITIF,POSITIF
5,"Aplikasi binar academy memang bagus banget dan keren dan berinovasi dalam menyajikan pendidikan dan menciptakan pengalaman belajar yang menarik sekaligus menyenangkan.Sebagai platform yang fokus pada pengembangan kemampuan dan talenta digital, Binar Academy mengklaim telah berhasil mengedukasi lebih dari 8 ribu siswa di tahun 2020 dan menghasilkan peningkatan pendapatan sebesar 80%.Semakin banyak masyarakat Indonesia dari berbagai kalangan untuk kemudian beradaptasi untuk belajar secara online.",POSITIF,POSITIF
5,"Wiuw aplikasi bermanfaat anti tersesat! Isinya tentang course yang kekinian banget. Materi mudah disruput buat orang awam, apalagi pake perumpamaan dan bahasa ga kaku. Cocok sebagai pengantar yang mau ikutan bootcamp premium, jadi udah tau dasarnya, gak asal pilih dan ikut-ikutan temenÃ°Å¸Â¤Âª Binar Insight juga banyak materi yang bisa dipilih sesuai interest. Aplikasinya lancar, ringan, gada kendala. Yang paling aku suka, bisa simpen bagian penting dan share ke medsos Ã°Å¸Â¥Âº. Terima kasih Binar Academy!",POSITIF,POSITIF
5,Aaahhh saya suka saya suka Jatuh cinta nih aq sama aplikasi nya tolong dong !!! Ã°Å¸ËœÂ Seberfaedah itu... Luv banget emang kudu harus punya nih aplikasi terutama buat yg mau kerja dan berkarir di dunia Digital buat belajar mulai dari ilmu dasar sampai yg pro di kupas tuntas tentang dunia digital . Mudah di pahami penjelasannya dan informasi nya ngebantu bgt Semoga dg adanya aplikasi ini bisa membantu kaum milenials for karirnya Era digital harus melek digital dong Cuzlah buktikan sendiri,POSITIF,POSITIF
5,Aplikasi yang keren soalnya isinya banyak banget manfaat yang dapat kita rasakan . Ada banyak course yang tersedia . Ada bootcamp yang keren dan juga banyak lagi pokoknya Ã°Å¸â€˜ÂÃ°Å¸â€˜ÂÃ°Å¸â€˜Â,POSITIF,POSITIF
5,"Pengen kerja dengan gaji BESAR. Yuk kita gass ke Binar Academy. Jaman sekarang ga boleh kalah sm teknologi! Nah binar academy keren banget kasih kita wadah buat belajar teknologi. Kita diajarin sampe bisa oleh fasilitator terbaik, jadi dijamin cepet pinter. Dan no play play Binar Academy juga salurin kerja lewat Binar Job Connect. Wah keren banget si Binar Academy.",POSITIF,POSITIF
5,"Aplikasi nya sangat membantu untuk pemula yg ingin belajar ilmu pemrograman. Karna, hanya dengan menggunakan gadget saja kita bisa mengembangkan softskill kita. Bahasa yg digunakan mudah dipahami trus tampilan nya yg menarik jadi sangat memudahkan untuk pemula dalam belajar. Di Apk Binar Academy banyak fasilitator yg ahli juga. Nah yg paling menarik di apk nya ada kelas gratis nya untuk pemula. Jadi cocok bgt nih buat kaum rebahan yg ingin nambah softskill nya.",POSITIF,POSITIF
5,Ada yang belajar offline nya ga,POSITIF,NETRAL
5,"Parahh si baru pertama kali aku nemu aplikasi course sebagus ini, bermanfaat banget course tntg materi product managementnyaa, jadi disini paketnya lengkap guysss. Daripada gabut PPKM mending cobain dah. Yuk buat yang mau nambah skill, install appnya sekarang! jgn sampai menyesallll seperti aku yaa, karena baru tau aplikasi ini hihihiÃ°Å¸Â¤ÂªÃ°Å¸Â¤ÂªÃ°Å¸Â¤Â©",POSITIF,POSITIF
5,"pertama kali download langsung buka kira"" kira course apa aja yang disediain, dan ternyata banyak banget dong course nya, apalagi ada course UI/UX juga, keren deh jadi makin semangat belajar lagi ditengah pandemi yang nggak nentu gini, parah deh kerennya Ã°Å¸ËœÂ makasih Binar Academy",POSITIF,POSITIF
5,"Kenapa gak dari dulu ajah aku gunakan aplikasi binar Academy ,sumpah bagus banget mulai dari tampilannya dan cara pembahasan materinya sangat menarik dan mudah dipahami ,secarakan Binar Academy memiliki 70 mentor yang merupakan alumi dengan peringkat tiga besar di setiap pelatihannya, WOW... sekeren itu Binar Academy gak salah pilih aku menggunakan aplikasi ini untuk belajar ,semoga makin banyak org yg menggunakan Binar Academy Ã°Å¸â€˜ÂÃ°Å¸â€˜ÂÃ°Å¸Ëœâ€¡",POSITIF,POSITIF
5,"Gilakkkk Binar Bootcamp emang luar biasaaa, Gue yang masih awam banget sama yang namanya UI/UX diajarin sampai ngerti donggg, gak nanggung-nanggung diajarinnya sampai 4/6 bulan . Apalagi yang ngebimbing adalah fasilitator ternama yang sudah meniti karier di industri digital, jadinya gak usah khawatir lagi deh, Fasilitator juga ngajarinnya dengan bahasa yang mudah dimengerti dan diajarin per chapter, dan yang lebih gilanyaa lagi kalau udah lulus bakan dibantu cariin kerja lewat job Connect:)",POSITIF,POSITIF
5,"Aplikasi ini rekomen banget buat kalian yang mau belajar teknologi secara otodidak. Aplikasi nya user friendly banget dan kalo pun kalian ada kesulitan kalian dapat menghubungi secara langsung dong. Disini tuh materinya renyah sekaliii, yakin banget bakalan nambah ilmu baru buat kalian. Aplikasi yang sangat cocok untuk pemula dan mau yang gratis, tapi buat orang yang menengah dan expert juga ada loh materi premiumnya. Keren parah sihÃ°Å¸â€˜ÂÃ°Å¸ÂÂ¼. Pokoknya kalian kudu banget download aplikasi ini sihÃ°Å¸â€˜ÂÃ°Å¸ÂÂ¼",POSITIF,POSITIF
5,Keren,POSITIF,POSITIF
5,"Mantap aplikasinya, mudah dipelajari",POSITIF,POSITIF
5,Keren aplikasinya bisa belajar banyak banget,POSITIF,POSITIF
5,Bagus banget aplikasinya mudah digunain dalam design UI/UX nya simple dan interaktif saat penggunaan informasi yang dipaparkan sagat membantu dan mudah dipahami,POSITIF,POSITIF
5,Sangat bermanfaat dan dibutuhkan masyarakat apalagi di masa pandemi seperti ini. Binar memberikan spirit dan menjadikan pribadi lebih percaya akan kemampuan diri. Ilmu yang didapat juga sangat recomended. Yuk download aplikasi binar segera dan rasakan sendiri manfaatnya.. Ã°Å¸ËœÅ Ã°Å¸â„¢ÂÃ°Å¸ÂÂ»,POSITIF,POSITIF
5,"Aplikasi paling mantap, sangat membantu untuk saya dalam memahami berbagai persoalan mengenai pemograman, dari web devolopment, UI/UX, dll",POSITIF,POSITIF
5,"Sebagai seorang mahasiswa IT, menurut saya aplikask ini sangat bagus. Banyak ilmu yang bisa saya dapat untuk menambah wawasan dan meningkatkan skill saya. The bestt!!!!",POSITIF,POSITIF
5,"mantap bgt, bermanfat bgtÃ°Å¸ËœÂ",POSITIF,POSITIF
5,Aku cinta binar academy,POSITIF,POSITIF
5,"Keren bgt aplikasinya, sangat membantu",POSITIF,POSITIF
5,Aplikasinya sangat membantu bagi yang baru mulai belajar. Ilustrasi yang digunakan juga menarik sehingga membuat kita tidak mudah bosan.,POSITIF,POSITIF
5,"Aplikasinya sangar dan membahana, sangat membantu saya sebagai Mahasiswa Teknik Informatika dalam menunjang Mata Kuliah dan menambah wawasan baru tentang Teknologi Informasi. Ajib dah pokoknya....",POSITIF,POSITIF
5,"keren banget, materi yang dijelaskan sangat detail. thanks binar",POSITIF,POSITIF
5,Aplikasinya sangat membantu untuk kita yang mau belajar,POSITIF,POSITIF
5,Aplikasi nya sangat membantu dan penjelasan materi sangat jelas,POSITIF,POSITIF
5,"aku cuma review ""keren, aplikasinya sangat bermanfaat""",POSITIF,POSITIF
5,"HATI-HATI!!!! NANTI KALIAN KETAGIHAN BELAJAR DI BINAR. Awalnya penasaran sama aplikasi ini yang katanya meningkatkan skill digital kalian. Setelah saya coba, wahh parah sihhhh ketagihan belajar disini. Ada Binar bootcamp yang bisa kalian ikuti dan ada berbagai promo yang ditawarkan. ui/ux , android dev, web? Kalian WAJIB coba sih belajar di Binar! Bikin ketagihan belajarnya asliiiÃ°Å¸â€˜ÂÃ°Å¸â€˜Â.",POSITIF,POSITIF
5,"Halo admin, Barang kali tujuan dari hidup adalah belajar. Admin telah menciptakan suatu media daring dimana saya orang awam mampu untuk belajar dan meningkatkan skill terutama di bidang UI/UX design. Tampilannya yang user friendly dan juga dibimbing oleh kakak-kakak yang profesional. you are the best, binar.",POSITIF,POSITIF
5,"Untuk aplikasi yang berorientasi di edukasi teknologi serta webinar, aplikasi ini menyajikan banyak sekali fitur - fitur dalam menunjang pengetahuan tersebut. Meski begitu, tampilannya terasa simple dan fresh bagi kami pengguna awam aplikasi serupa. Mudah digunakan dengan menajikan berbagai hal, cocok sekali untuk seluruh kalangan, mulai dari pemula, sudah berpengalaman maupun advanced.",POSITIF,POSITIF
5,"Aplikasi belajar yang bagus bagi pemula dan profesional di bidang TI seperti web, aplikasi android, dan full stack developer.",POSITIF,POSITIF
5,Aplikasi ini cocok untuk yang mau belajar materi pendalaman di bidang yang khusus. Tersedia juga banyak pilihan materi yang mana akan digunakan banyak perusahaan di era revolusi industri 4.0,POSITIF,POSITIF
5,"Aplikasi belajar nomer 1 di PlayStore. Membantu banget bagi semua kalangan, terutama yang mau belajar tentang Full-Stack Web, BUSINESS intelligence analyst, ui / UX research & design, Android engineering, product management, dan masih banyak lagi. Di sini juga ada insight2 yang keren banget karena dibimbing langsung oleh profesional di bidang, kemudian setelah lulus dari belajar di binar academy kita langsung dicarikan kerja oleh binar academy Aplikasi yang sangat bermanfaat. Yuk instal!",POSITIF,POSITIF
5,"Wah, aplikasi ini perfect banget. Kita jadi bisa belajar lebih banyak tentang ilmu bisnis. Thebest deh ni aplikasi apalagi fitur fiturnya Yang bikin kita nyaman banget.",POSITIF,POSITIF
5,Cocok banget nih aplikasinya buat kita yang mau belajar meniti karier di industri digital. Belajarnya juga gampang paham karena fasilitatornya ngga pake istilah2 yang rumit,POSITIF,POSITIF
5,"Binar aplikasi edukasi bagi semua orang dan semua kelompok umur bisa memakainya banyak bnget yg diedukasikan yang jelas berhubungan sama IT (GRATIS) lagi. Dengan belajar disini kamu bisa berkarier di industri digital. Kenapa baru tau aplikasi ini waktu kuliah Ã°Å¸ËœÂ­ andai aku tau lebih cepat, lebih cepat juga aku memahani dunia per-IT an yang rumit kayak hubungan wkwkwk Ã°Å¸ËœÂ Terimakasih binar aplikasi",POSITIF,POSITIF
5,"Awalnya ragu dengan aplikasi binar, setelah melihat interface nya yg mudah sangat cocok untuk semau kalangan pelajar mahasiswa dan umum.... Makin jatuh cinta dan keterusan untuk terus kedepannya akan menggunakan binar. Semoga binar makin sukses dan jaya serta makin mencerdaskan anak bangsa Indonesia..",POSITIF,POSITIF
5,"Ul aplikasi nya menarik, penjelasan nya mudah dimengerti dan di pahami , materi nya pun beragam , Btw aku ada pantun ni TETANGGA MASUK TELEVISI Ã°Å¸â€œÂº RUPANYA MASUK KE BERITA BIARLAH BINTANG MENJADI BUKTI Ã¢Â­Â KALO BINAR APLIKASI TERBAIK SEPANJANG MASA",POSITIF,POSITIF
5,Hello world!,POSITIF,NETRAL
5,"APLIKASINYA BAGUS Banget juara yang lain kalah, gak lemot emang binar terbaik the best, yuk kalian download aplikasi ininyaa login nya bisa pake gmail, cus cepetan..",POSITIF,POSITIF
5,Wajib download yang punya interest di bidang IT,POSITIF,POSITIF
5,"Gilaaa!!! Aplikasinya mantepp banget guyss. Buat gw yang lgi kuliah online gini sabi banget belajar di Binar academy apalagi belajarnya bisa sambil rebahan duh mantep banget deh. Ada banyak manfaat dan ilmu yang bisa guwe dapetin selama gw belajar di binar academy terutama tentang IT dan ngoding. Keren parah gabisa berkata-kata lagi selain nambah skill, gw jg terbantu bgt buat ngerjain project tugas kampus gw. BenerÃ‚Â² recomended buat kalian para mahasiswa ataupun pelajar lainnya mantull abisssÃ°Å¸â€˜Â",POSITIF,POSITIF
5,"Sepertinya bagosss nih, monggo dicobaaa teman"".bisa untuk anak sma sampai kuliah lohhÃ¢ÂÂ¤Ã°Å¸Ëœâ€”Ã°Å¸Ëœâ€”",POSITIF,POSITIF
5,"Aku baru aja dwnld apk ini&bnr2 excited.apk""Binar""ini sngt2 cocok bgt u/semua.Dan yg lebih parah lagi mnfaat yg diproleh dri apk ini bnyk bgt yaitu ksmpatan kalian brkarir di industri digital sngt2 terbuka lebar.jgn ragu lgi,krn apk ini akn membri pngalaman bljr dgital yg lngkap,interaktif,&mudah diakses.selain itu di apk ini kalian juga dpt menikmati Btcamp,Binar Insight,infrmsi promo,hingga akses materi gratis bisa di dptkn di apk ini.bnyk bgt yg di dptkn dri apk ini, 1 apk berjuta manfaat",POSITIF,POSITIF
5,Awalnya tau aplikasi ini di tag temen buat ikut giveaway yg diadain di instagram @BinarAcademy..setelah instal aplikasi ini..ternyata isinya adalah belajar cepat dan mudah tentang dunia digital..woow mantaapp nih Ã°Å¸â€˜ÂÃ°Å¸â€˜Âterutama buat org kayak sy yg cuma lulusan SMU dan suka digitaling tp minim ilmu tentang digitaling Dgn dua program yg ditawarkan yaitu binar bootcomp dan binar insight sangatÃ‚Â² intensif dan interaktif sekali dengan pilihan kelas dan durasi yg beragam sangat efektif dlm kita belajar,POSITIF,POSITIF
5,"Keren bgt ini aplikasi Bahkan buat dummies kayak aku yang gak ada basic IT juga ngerti belajar disini, bener bener cocok buat pemula. Bersyukut bgt akhirnya nemu app ini, coba nemu dari 2020 pasti udah kerja bagian IT deh aku sekarang. Super Recommended pokoknya buat pemula, buat cewe juga Ã¢ÂÂ¤Ã¢ÂÂ¤Ã¢ÂÂ¤Ã¢ÂÂ¤",POSITIF,POSITIF
5,"Kenapa aku baru tau ada aplikasi sebagus dan sekeren ini sih. Kalian yang mau dapet ilmu tentang UI/UX, Product Manajemen, Android Engineering, dan masih banyak lainnya... . Aplikasi yang materinya lengkap, menggunakan kata-kata kekinian yang friendly dan mudah dipahami, disetiap materinya juga ada gambar dan analoginya jadi lebih mudah dipahami. Pokoknya nggak akan nyesel download aplikasi ini.... Beli Telur Asin di Terminal Yokk gassiiin di Install!!!!",POSITIF,POSITIF
5,"Aplikasi nya bagus baguss bangettt, mulai dari susunannya yang rapi dan enak dimata, simpel dan mudah digunakan bahkan buat orang yang awam ini mudah banget make nya, trs app ini lancar no lag lag jd nyaman banget dah pakek nya terutama layanan sih cepet banget jadi puas banget belajarnya jd semangat!!!! Sarang Heoo miminimidaaÃ°Å¸Â¥Â°Ã°Å¸Â¥Â°Ã°Å¸Â¥Â°Ã°Å¸Â¥Â°Ã°Å¸Â¥Â°",POSITIF,POSITIF
5,"Aplikasi Binar sangat membantu menambah wawasan untuk mencari ilmu, fitur-fiturnya lengkap,mudah untuk dipahami dan dipelajari ,apa lagi yang baru belajar sangat mudah adanya aplikasi Binar",POSITIF,POSITIF
5,"Heyyo Sobat Binar Seantero jagat raya ! Apa kareba ? Kalian masih bingung mau bimbel online dimana ? Ahayyy, gue saranin buat kalian semua untuk bimbel di Binar Academy, karena aplikasi ini tuh mantul bingits !! Dari aplikasi ini, gue belajar banyak hal karena itu loh fiturnya keren dan nagih habiss seperti penjelasan materinya disajikan secara kreatif, lengkap dengan pertanyaan menarik sehingga mudah dipahami dan belajar jadi menyenangkan dong, skuy buruan instal aplikasinya dijamin seru !",POSITIF,POSITIF
5,Aplikasi Binar Academy benar-benar aplikasi yang sangat bagus untuk belajar UI/UX Research & Design dan menambah Insight baru tentang UI/UX. Di Binar Academy juga ada Binar Insight yaitu belajar dengan menggunakan Insight dari banyak sudut pandang. Aplikasi ini sangat mengedukasi dan bermanfaat untuk bagi yang tertarik dengan UI/UX Design. Binar Academy keren banget deh Ã°Å¸â€˜Â,POSITIF,POSITIF
5,"Gw saranin elu yang belum Download aplikasi ini cepat download gihh Soalnya elu yang pemalas bisa berubah berkat aplikasi ini, tenang aja yang penyimpanannya tinggal dikitÃ°Å¸â„¢Ë† aplikasinya gak besarÃ‚Â² amat kokÃ°Å¸Ëœâ€°",POSITIF,POSITIF
5,Bagus banget dan sangat membantu untuk yang mau belajar coding contohnya untuk program full stack web development,POSITIF,POSITIF
5,"Woow aplikasi keren yg sangat membantu di era digitalisasi sekarang ini, apalagi masaÃ‚Â² pandemi ini yg semua kalangan harus beradaptasi secara online mau ngga mau kita harus mengembangkan TALENTA DIGITAL, binar academy menawarkan dua program pendidikan utama diantaranya yaitu BINAR BOOTCAMP dimana kursus intensif yg diperuntukan buat pemula berdurasi 4-6 bulan dengan 4 kelas, kemudian program BINAR INSIGHT dimana interaktif berbagai webinar berdurasi 1,5-2jam dengan pilihan kelas yg lebih beragam",POSITIF,POSITIF
5,Terimasih karena sudah berkontribusi dalam menumbuhkan digital talent diindonesiaÃ°Å¸ËœÅ  Keep going on for usÃ°Å¸Â¤Â,POSITIF,POSITIF
5,"Wah aplikasi ini bagus banget, jadi bisa belajar lebih lanjut mengenai analisis bisnis nih. Sangat membantu sekali Binar Academy menawarkan dua program pendidikan utama. Di antaranya adalah Binar Bootcamp dan Binar Insight. Program Binar Bootcamp, kursus intensif bagi pemula seperti saya mempunyai empat kelas berdurasi 4 sampai 6 bulan yaitu: Product Management, UI/UX Design and Research, Android Engineering, dan Fullstack Web Development. Binar insightnya pun mantap banget Ã°Å¸Â¥Â°",POSITIF,POSITIF
5,"Binar ibarat temen tongkrongan, dijelasin apa yg kita mau tau pake bahasa dan istilah yg sederhana. Sampe ngerti? Iya, bedanya kalau di binar sih kalem, ada cara belajar yang santai & fleksibel yg penting paham. Biaya? Terjangkau. Tapi nih ada testimoni dan ulasan yg bakal bikin kamu kamu~ yakin kalau harga & quality yg diberikan sesuai. Udah? Belum nih. Kalau udah lulus dibantu cari loker, samalah kek temen tongkrongan yg rela cariin loker biar lu gk bengong dirumah Ã°Å¸Ëœâ€š. Download buruan atuh :*",POSITIF,POSITIF
5,"Okey guyss btw ku sangat senang ketika ku di pertemukan dengan apk Biner Academy kenapa sihh aku senang sekali karena pas Pasan banget kan ku akan masuk universitas and ku harus bisa menguasai ilmu di bidang IT and ku sangat senang bisa mengenal apk Biner Academy soal nya disana kita akan belajar mengenai full-stack Web Development,Business intellgence analyst,UI/UX Research and Design and yg terakhir Android Engineering and aku harus serius and jangan menyia nyiakan belajar di Biner acabemyÃ¢ÂÂ¤Ã¯Â¸ÂÃ°Å¸ËœÅ ",POSITIF,POSITIF
5,"Wahhh baru tau nih ada aplikasi sekeren ini, bahasanya simpel tampilan nya juga simpel tapi isinya sangat berguna dan memudahkan saya utk belajar ilmu pemrograman. Full stars utk aplikasi binarÃ¢ÂÂ¤Ã¢ÂÂ¤Ã¢ÂÂ¤Ã¢ÂÂ¤",POSITIF,POSITIF
5,"Aplikasi ini bagus banget, mudah digunakan dan sangat bermanfaat bagi saya yang kuliah di jurusan TI. Karena ada materi tentang Full-Stack Web Development dan Android Enginering yang mudah di pahami, dan ada banyak pilihan materi lainnya juga loh, yukk buruan download!!!!",POSITIF,POSITIF
5,"Keren banget aplikasi binar ini , yang di mana saya pertama tidak tertarik untuk mempelajari sklill di dunia digital karena ribet dan agak sulit gt, tapi setelah donlowd dan ikut di dalam nya ""deeabak"" dalam Korea hihihi (luar biasa) akhir nya saya ketagihan dan terus untuk belajar agar saya bisa di terima kerja di dunia digital. Top dechhh kalian harus downlowd dan ini lain dari yg lain .",POSITIF,POSITIF
5,"Awalnya pengen ku skip aja tawaran app ini karena aku gak suka warna ungu.....etapiiiii setelah iseng kubaca baik2, app ini ternyata dahsyat lho. Diajarin sampai paham, materi juga lengkap, harga bersahabat, dibantu nyariin kerja, dsb.... Cocok buat kaum rebahan yg demen cuan berlipat2. Kepo kan ? Yuk install ajaÃ°Å¸Â¤Â£Ã°Å¸Â¤Â£Ã°Å¸Â¤Â£Ã°Å¸Â¤Â£Ã°Å¸Â¤Â£",POSITIF,POSITIF
5,"Hari Rabu pergi ke pasar Jangan lupa membeli donat Ayo download Aplikasi Binar Bikin belajar makin semangat ~~~~~~~~~~~~~~~~~~~~ Asli apliksi ini keren banget.. Yang bingung cari materi dimana dan bagaimana, disini tempatnya. Yang bingung nyari fasilitator profesional, ya Binar solusinya..",POSITIF,POSITIF
5,Aplikasi yang bagus dan sangat membantu,POSITIF,POSITIF
5,"sangat recommended, kerenn",POSITIF,POSITIF
5,"Kenapa ya baru tau aplikasi belajar IT ini pas kuliah semester akhir, tau gitu dulu gak usah ngulang matkul logika pemrograman pas dapet nilai D. Terus baru tau juga kalo di Jogja ada kantor Binar Academy. Aplikasi ini bener-bener ngebantu buat belajar coding",POSITIF,POSITIF
5,Aplikasi ini sangat bngt membantu dan akun belajar terbaik seluruh Indonesia dan mancanegara apalagi buat kalian tidak usah takut untuk belajar di aplikasi binar pokoknya rekomended bngt untuk masyarakat di masa pandemi seperti ini,POSITIF,POSITIF
5,"Binar Academy merupakan startup edukasi bagi talenta pemrograman yang didirikan mantan CTO Gojek Alamanda Shantika. Sebelumnya, Binar memililki akademi pemrograman dengan fasilitas beasiswa penuh di Yogyakarta dengan menjaring berbagai komunitas talenta digital di berbagai daerah. ""Semoga dengan hadirnya Binar Academy, pelaku teknologi digital di Indonesia akan mendapat pengetahuan, pengalaman, serta perilaku yang dibutuhkan profesional tenaga kerja di bidang teknologi digital Seperti Sekarang,",POSITIF,POSITIF
5,"Sebagai seorang educator sekaligus mahasiswa Magister akhir, Aplikasi BINAR Academy ini sangat membantu dunia pendidikan, sebagai personal kita bisa belajar tentang personal skill dan personal development, tak hanya itu sebagai professional banyak sekali materi menarik yang bisa dipelajari baik secara intensif maupun santai, fleksibel mengikuti ritme & learningstyle masing2, sebagai penggiat sosmed saya pun bisa banyak belajar tentang dunia digital yg wajib diupdate, yuk belajar bareng disini",POSITIF,POSITIF
5,"Keren nih aplikasi andai dari dulu udah tau aplilasi BinarÃ°Å¸ËœÅ’banyak sekali buat pemula belajar dasar dasarnya.cocok banget dah buat yang mau belajar pemrogaman,registnya sangat mudah.penjelasanya sangat mudah dipahami dan ada juga penjelasan tentang sejarah wa.banyak juga kuisÃ‚Â² yang bisa kalian jawab.POKOKNYA RECOMENDED BANGET NIH BUAT KALIAN YANG MAU BELAJARÃ°Å¸Â¤Â©",POSITIF,POSITIF
5,"Aplikasi ini berguna buat pelajar,yg membutuhkan belajar instan,jd gk usah banyak tanya y guys buktikan sendiri download apk nya dan belajar lewat binar academy.terima kasih",POSITIF,POSITIF
5,"Aku review zuzurr bgt: Binar membuat materi daging wagyu menjadi gulali manis! BENERAN RINGAN TAPI KUALITAS NGGAK MAIN2! Materi silvernya unik kerenÃ°Å¸ËœÂ­ Sering pakek analogi, jadi jelas BANGET. Di era digital transformation, SDM Indonesia yg paham tech itu SANGAT DIKIT. Dengan binar, belajar tech yg komplek jadi kayak denger cerita, nagih! Aku habisin product management silver 2 hari selesai pdhl itu kompleks bgt dan sulit klo dikuliahku. Plus mimin binarnya azik banget, bikin semangat jwb kuisÃ°Å¸Ëœâ€š",POSITIF,POSITIF
5,"Pertama kali buka aplikasi ini langsung salah fokus sama tampilannya yang keren, alur programnya yang rapi, tapi tetap tidak terasa berat walaupun sekeren ini. Aku jadi nggak ragu buat ngisi data diri karena pasti aplikasi ini punya sistem keamanan yang nggak kaleng2 Ã°Å¸ËœÂ Dari tampilannya aja udah cukup meyakinkan kalau kursus disini bakal sangat bermanfaat, udah terbukti dilihat dari aplikasi ini sendiri. Sukses selalu Binar Academy !! Sampai jumpa di kursus Batch 10 !! AKU SIAP !! Ã°Å¸â€¡Â²Ã°Å¸â€¡Â¨",POSITIF,POSITIF
5,"Binar Academy sangat bagus ,membantu sekali bagi kami yg ingin belajar ,pembahasannya yg berikan sangat mudah dipahami dan dimengerti, Recomended banget Buat teman2 yg masih Sekolah/ Kuliah Bisa coba menggunakan aplikasi Binar Academy ini Dijamin Materi yg diberikan dan pembahasannya sangat mudah dipahami TOP BGT...Semoga BINAR ACADEMY makin sukses dan berkembang pesat Ã°Å¸Ëœâ€¡Ã°Å¸â„¢Â",POSITIF,POSITIF
5,Aplikasi yang sangat bermanfaat dan benar-benar sangat membantu saya serta gak nyesel udah download aplikasi ini pokok nya recomeed banget asli gak bohong makin love-love dah sumpah suer yuk kalian ikutan download juga biar bertambah pintar,POSITIF,POSITIF
5,Aplikasi sangat bermanfaat untuk gw yang masih menjadi mahasiswa TIF,POSITIF,POSITIF
5,"Aplikasi Binar Academy ini benar-benar bagus deh, mulai dari Full-Stack Web development, Business Intelligence Analyst, UI/UX Research/ Desain, Android Engineering, Product Management dapat dipelajari di Binar Academy ini, penjelasan materi nya juga enak , bahkan setelah penjelasan 1 bagian materi akan ada pertanyaan untuk menguji pemahaman kita terhadap materi. Tunggu apa lagi teman-teman? Segera Di download yuk aplikasi Binar Academy iniÃ¯Â¼ÂÃ°Å¸Ëœâ‚¬",POSITIF,POSITIF
5,Aplikasinya bagus dan pembelajarannya yang mudah dipahami dengan bahasa yang interaktif jadi ngak bosen baca,POSITIF,POSITIF
5,"Wah keren banget ni aplikasi, saya belajar banyak hal walaupun hanya dasar-dasarnya saja tapi memang keren si. Saya jadi tau bagaimana sejarah aplikasi WA yang awalnya berbayar hingga gratis sampai sekarang. Ditambah lagi aplikasi ini sangat kreatif karna banyak sekali kuis-kuis yang di sediakan oleh aplikasi ini, dengan menjawab kuiz tersebut dengan benar maka kita mendapatkan EXP seperti kita didalam game.",POSITIF,POSITIF
5,"Interface binar nampilin layout yang menarik dan navigasinya juga jelas, user friendly banget dan paling seru itu bootcampnya apalagi product management sama ui/ux coursenya itu simple ga ribet gampang dipahamin banget. Jangan lupa yang paling favorit itu class gocengnya sama flash sale events yang selalu ditunggu!",POSITIF,POSITIF
1,"Aplikasi gk jelas , mending jangan download deh",NEGATIF,POSITIF
5,Aplikasi ini membantu saya dalam belajar dan memahami ui/uxÃ°Å¸â€˜ÂÃ°Å¸ÂÂ»,POSITIF,POSITIF
5,"Apk nya bagus banget, ngebantu banget nih buat yang baru up skill di bidang ini. Recomend deh pokok nya",POSITIF,POSITIF
5,"Ã«Å’â‚¬Ã«Â°â€¢ Aku tau Binar dari podcast-nya pak gita bincang dengan kak alamanda. Terus aku cari tau tuh ""apa sih binar itu?"" Ternyata sebagus itu proses pembelajaran di Binar. Di sana aku belajar konsep basic banget sesuai kelas yang aku pilih. Pastinya kelasnya beragam, tampilan UI/UX nya keren bgt, penjelasannya mudah dipahami, dan ilmunya up to date bgt. Dan yg paling penting terdapat quiz singkat yang melatih pemahaman lebih mendalam (cukup hati si dia aja yg belum mendalam jiakhh:v) ÃªÂ³Â Ã«Â§Ë†Ã¬â€ºÅ’ Binar..",POSITIF,POSITIF
5,"Gak cuma bootcamp atau kelas koding, Binar nyediain banyak insight menarik kaya digital marketing, Mayan asah experience juga lagi ppkm seperti ini.",POSITIF,POSITIF
5,Aplikasi ini berguna banget buat aku yang gak ngerti ngoding samasekali. Penjelasannya juga gampang dimengerti.,POSITIF,POSITIF
5,Sangat bagus untuk memperdalam ilmu dan pembahasan nya sangat mudah di pahami,POSITIF,POSITIF
5,"Mantap nih buat belajar dirumah, lagi ppkm begini kan nambah ilmu, Ngebantu juga disegi Financial, digital marketing dan masih banyak juga info promonya",POSITIF,POSITIF
5,"Aplikasi yang hebat,sangat banyak memberi pelajaran, goodluck guysÃ°Å¸â€¢Å ",POSITIF,POSITIF
5,"UI Aplikasinya menarik, pasti belajar UI/UX di binar bakalan jadi Designer gak bakalan gagal deh, Inspiratif materinya juga.",POSITIF,POSITIF
5,"Aplikasi yang sangat membantuuuuu,anak muda wajibbbbb download sih",POSITIF,POSITIF
5,Cakep sih buat TambahÃ‚Â² Edukasi baru.,POSITIF,POSITIF
5,MantapÃ°Å¸â€˜Â bisa belajar coding tanpa backrond ITÃ°Å¸â€˜Â¨Ã¢â‚¬ÂÃ°Å¸â€™Â»,POSITIF,POSITIF
1,Aplikasi gak guna,NEGATIF,NEGATIF
4,"Menurutku sih aplikasinya bagus, kelasnya juga mudah dipahami, cuma saran aja mungkin kelas yang freenya bisa ditambahkan lebih banyak lagi Ã°Å¸â€˜ÂÃ°Å¸ÂÂ»",POSITIF,POSITIF
5,Keren si ini ! Materinya mudah di fahami. GoooodjobÃ°Å¸â€™Â¥,POSITIF,POSITIF
5,Aplikasi yang bagus untuk mahasiswa yang sedang belajar ngoding seperti saya,POSITIF,POSITIF
5,"Salam dari anak SMA! Aplikasi ini sangat bagus dan sangat membantu bagi kami yang ingin belajar, penjelasannya sangat mudah dipahami dan pembahasannya juga asik, terutama untuk ilustrasi - ilustrasi yang membantu memperjelas, semoga Binar Academy dapat lebih berkembang, sukses terus Binar Academy. SLEBEW MANTEPP!!",POSITIF,POSITIF
5,"sangat membantu sekali... khususnya buat kalian yang kuliah online, kalian bisa belajar di sini biar bisa bikin project langsung.",POSITIF,POSITIF
5,Binar best,POSITIF,POSITIF
5,"Saya mahasiswi semester akhir,adanya aplikasi ini sangat sangat sangat membantu, juga untuk pengembangan softskill saya,studi kasusnya juga riil,jadi gampang buat peka lingkungan sekitar,belum lagi fasilitator nya duh makasih banyak fasilitator yg sangat kompeten di bidangnya, praktisi di industri digital,ahli nya banget di bidang ini, dan menariknya bayarnya murah banyak promo pula, gampang juga bisa lewat gadget, tinggal pencet"" smbil rebahan,makasi sertifikatnya jadi ptimis nyari loker Ã°Å¸ËœÂÃ°Å¸ËœÂÃ°Å¸ËœÂ",POSITIF,POSITIF
5,"Aplikasi edukasi yg cocok untuk kita yang mau belajar lebih dalam tentang IT khususnya bidang programming, UI/UX aplikasinya nyaman dan pastinya sangat membantu kita dalam proses belajar Ã°Å¸â€˜Â",POSITIF,POSITIF
5,Buat kalian yg baru belajar ttg membuat codingan apk ini sangat recommended banget bangetttttt,POSITIF,POSITIF
5,"Sangat recommended banget, temen temn yg kuliah onlinemah mending belajarnya disini, biar bisa bikin project langsung.",POSITIF,POSITIF
5,Buat yang nambah2 ilmu di bidang coding or digital marketing cocok bgttt niii guys!Ã¢â„¢Â¡ pasti ga nyesel nih download apk binar iniÃ°Å¸â€“Â¤Ã°Å¸â€“Â¤Ã°Å¸â€“Â¤ selamat mencoba Ã°Å¸Ëœâ€°,POSITIF,POSITIF
5,keren sih. lumayan buat otodidak + buat ngisi gabut dimasa ppkm gini yg bingung harus ngapain. bisa ngisi waktu luang jugaa bisa ningkatin soft skill,POSITIF,POSITIF
5,"Gokil sih, cocok buat yang lagi belajar atau lagi memperdalam pengetahuan seputar pemrogramman. Regist nya mudah, designnya simple, dan penjelasannya ga cuma ngebahas bahasa pemrogrammannya aja tapi dari sejarahnya juga ada. Buat yang masih awam dan tertarik belajar pemrogramman recommend banget sih.",POSITIF,POSITIF
5,Buat yg mau nambah ilmu coding/ digital marketing cocok bangat. Gak nyesel,POSITIF,POSITIF
5,Sangat menarik nih untuk orang yg masih awam mudah mudahan bisa belajar dari aplikasi ini,POSITIF,POSITIF
5,Aplikasinya bagus. Sangat edukatif. Semoga banyak milenial yang menggunakan aplikasi ini.,POSITIF,POSITIF
5,"UI appnya super nyaman, kaya color palletnya LV kalo kata kak Ala. Bisa belajar dasar dari tiap bootcamp free. Really helpfull buat fresh grad yang mau masuk ke startup industry.",POSITIF,POSITIF
5,"Aplikasi yang bagus, menyediakan ruang atau tempat untuk pelajar dan tenaga didik. Mantap",POSITIF,POSITIF
5,Salah satu aplikasi IT terbaik yang membantu untuk pembelajaran melalui digital learning.,POSITIF,POSITIF
5,Best Apps Digital Learning,POSITIF,POSITIF
5,"Aplikasinya sangat bagus , apalagi bagi pemula . Dan ada juga free coursenya jadi bisa mencoba yg free dlu sebelum mencoba yang premum dan platinum .",POSITIF,POSITIF
5,"Belajar coding pke ini bner2 ga ribet insightnya bnyk bgt,ppkm gni cocok belajar lwt apk ini",POSITIF,POSITIF
5,"Aplikasinya keurend meunnnnnn, kursus mengenai full stack nya eweuh tandingan paham pisan materinya sangaaaddddd mudah diingat ga kaya dia yang Gainget aku :( Recomennndd beetttt lah aplikasinya cocok buat yang mau terjun panyung ehhh.... Langsung sebabb dari apk ini teh di bimbing langsung buat yang awam dan gaptek, yahhahah gaptek. Dahhh lah males. Makasih :)",POSITIF,POSITIF
4,"Aplikasinya sudah bagus dan sangat mudah digunakan sekalipun sebagai pengguna baru. Materi yang di sediakan juga beragam tapi yang saya paling tertarik dengan materi fullstack web development, dimana telah tersedia mulai dari sejarah, konsep, tak lupa html, css, css framework dan yang paling menarik itu Javascript. Semoga aplikasi terus berkembang dan memberikan banyak manfaat dan menjadi wadah bagi siapa saja yang ingin berkarir di bidang IT.",POSITIF,POSITIF
5,Sangat bermanfaat dan dibutuhkan masyarakat apalagi di masa pandemi seperti ini. Binar memberikan spirit dan menjadikan pribadi lebih percaya akan kemampuan diri. Ilmu yang didapat juga sangat recomended. Yuk download aplikasi binar segera dan rasakan sendiri manfaatnya.. Ã°Å¸ËœÅ Ã°Å¸â„¢ÂÃ°Å¸ÂÂ»,POSITIF,POSITIF
5,"Aplikasi paling mantap, sangat membantu untuk saya dalam memahami berbagai persoalan mengenai pemograman, dari web devolopment, UI/UX, dll",POSITIF,POSITIF
5,Bagus sangat membantu untuk belajar,POSITIF,POSITIF
5,terimakasih telah menciptakan aplikasi ini untuk indonesiaÃ°Å¸â€Â¥,POSITIF,POSITIF
5,"UI nya bikin betah, ilustrasi nya keren dan sangat membantu orang orang yang ingin belajar",POSITIF,POSITIF
5,binar best,POSITIF,POSITIF
5,Binar keren banget,POSITIF,POSITIF
3,Bagus,NETRAL,POSITIF
1,Mahal anjay,NEGATIF,NEGATIF
5,Siip dah Ã°Å¸ËœÂ,POSITIF,NETRAL
5,Aplikasi yang bagus untuk mengembangkan kemampuan diri,POSITIF,POSITIF
5,"Sangat membantu, rekomendasi buat download aplikasinya",POSITIF,POSITIF
5,Mantap,POSITIF,POSITIF
5,Bagus ini aplikasi saya masih kelas 2smp sudah bisa coding saya tau ini aplikasi berkat TT,POSITIF,POSITIF
5,Oke,POSITIF,POSITIF
5,Sangat mudah di fahami untuk yang tidak premium sudah bagus.apalagi premium anda harus coba,POSITIF,POSITIF
5,"Mantap aplikasinya bagus sangat membantu,,tambah Gratis lagi",POSITIF,POSITIF
5,Mantap,POSITIF,POSITIF
4,Mantap!!!!!,POSITIF,POSITIF
3,Saya kasi bintang 3 kalau bagus aku tambahkan nanti,NETRAL,NETRAL
1,Masih banyak bug di sini,NEGATIF,NEGATIF
5,Mantapsss,POSITIF,POSITIF
1,Tidak bisa di instal,NEGATIF,NEGATIF
5,Good,POSITIF,POSITIF
5,Sangat menginspirasi,POSITIF,POSITIF
1,AnigifigshuUra as Oz iyoysp Ã°Å¸Â¤Â®Ã°Å¸Â¤Â®Ã°Å¸ËœË†Ã°Å¸â€™Â©Ã°Å¸â€™Â©Ã°Å¸Â¤Â®Ã°Å¸â€™Â©Ã°Å¸Â§Å¾Ã¢â‚¬ÂÃ¢â„¢â‚¬Ã¯Â¸ÂÃ°Å¸â€™Â©Ã°Å¸Â¤Â®Ã°Å¸Â¤Â®Ã°Å¸Â¤Â®Ã°Å¸Â§Å¾Ã¢â‚¬ÂÃ¢â„¢â‚¬Ã¯Â¸ÂÃ°Å¸Â§Å¾Ã¢â‚¬ÂÃ¢â„¢â‚¬Ã¯Â¸ÂÃ°Å¸Â§Å¾Ã¢â‚¬ÂÃ¢â„¢â‚¬Ã¯Â¸ÂÃ°Å¸â€™Â©Ã°Å¸Â¤Â®Ã°Å¸ËœË†Ã°Å¸ËœË†Ã°Å¸Â¤Â®Ã°Å¸Â§Å¾Ã¢â‚¬ÂÃ¢â„¢â‚¬Ã¯Â¸ÂÃ°Å¸Â¤Â®Ã°Å¸â€™Â©?fyyxuÃ°Å¸Â§Å¾Ã°Å¸ËœË†Ã°Å¸Â§Å¾Ã¢â‚¬ÂÃ¢â„¢â‚¬Ã¯Â¸ÂÃ°Å¸Â¤Â®Ã°Å¸â€™Â©Ã°Å¸Â§Å¾Ã¢â‚¬ÂÃ¢â„¢â‚¬Ã¯Â¸ÂÃ°Å¸Â§Å¾Ã°Å¸Â§Å¾Ã¢â‚¬ÂÃ¢â„¢â‚¬Ã¯Â¸ÂÃ°Å¸Â§Å¾Ã¢â‚¬ÂÃ¢â„¢â‚¬Ã¯Â¸ÂÃ°Å¸Â¤Â®Ã°Å¸â€™Â©Ã°Å¸Â§Å¾Ã¢â‚¬ÂÃ¢â„¢â‚¬Ã¯Â¸ÂÃ°Å¸Â¤Â®Ã°Å¸â€™Â©Ã°Å¸Â§Å¾Ã°Å¸ËœË†Ã°Å¸Â§Å¾Ã¢â‚¬ÂÃ¢â„¢â‚¬Ã¯Â¸ÂÃ°Å¸Â¤Â®Ã°Å¸â€™Â©?hx,NEGATIF,NETRAL
5,Binar adalah laboratorium bagi mereka yg ingin mengikuti perkembangan industri 4.0,POSITIF,POSITIF
5,Dari zhafran sulsel Ã°Å¸ÂÅ Ã°Å¸â€˜Â aplikasi nya wah manthaap Ã°Å¸â€˜Â banget makasih,POSITIF,POSITIF
1,Akun nggk bisa didaftarkan,NEGATIF,NEGATIF
4,Boleh di coba,POSITIF,NETRAL
4,"Aplikasinya bagus, pembahasannya juga asik, ilustrasinya juga buat makin paham. ",POSITIF,POSITIF
1,stuck di splash screen,NEGATIF,NEGATIF
5,Jjoop,POSITIF,NETRAL
4,bagus,POSITIF,POSITIF
5,"Aplikasi sangat bagus ,sudah diperbaiki",POSITIF,POSITIF
5,"Informatif,",POSITIF,POSITIF
5,klw offline akan lebih bagus dan kalau bisa belajar dulu setelah dapat pekerjaan nanti d bayar.,POSITIF,NETRAL
5,mantab,POSITIF,POSITIF
2,Untuk sistem operasi 8.1 oreo sering foce close apps nya,NEGATIF,NEGATIF
1,Kenapa suka lemot pas masuk ke course,NEGATIF,NEGATIF
5,Aplikasi ini sudah bagus dan sangat mbantu bagi kami yang ingin belajar.. Namun sebetulnya masih banyak fitur yang bisa dikembangkan lagi untuk mempermudah proses pembelajaran.. Saya barkah ade kurnia bersedia bekerja di binar academy guna mengembangkan hal ini.. Terimakasih hehe,POSITIF,POSITIF
1,Ribet masuknya,NEGATIF,NEGATIF
5,Bgs,POSITIF,POSITIF
5,Mohon dikembangkan lagi min Ã°Å¸â„¢ÂÃ°Å¸â„¢ÂÃ°Å¸â„¢Â saya suka dengan aplikasi nya,POSITIF,POSITIF
5,Belum menguasai semua,POSITIF,NETRAL
4,"Aplikasinya bagus banget,materi yg mau diambil udah rampung. Tapi... Kenapa ya sekarang aku GK bisa log in,yg nongol malah "" kesalahan server "" katanya,trus ane coba uninstall trus download ulang tetep aja gitu... Krna udh gitu bikin akun baru lagi deh Tapi... Tetep ""kesalahan server"" Tolong dong :/",POSITIF,NETRAL
1,Tidak bisa dioperasikan,NEGATIF,NEGATIF
1,"Gak guna, gak bisa masuk",NEGATIF,NEGATIF
5,"Apk yang bagus, menambah wawasan dan bisa mendapatkan banyak keuntungan Ã¢ËœÂºÃ¯Â¸Â",POSITIF,POSITIF
3,Materinya bagus sih tapi Kadang gk bisa akses materi dan loading terlalu lama. Mohon diperbaiki,NETRAL,NETRAL
1,Aplikasi tolol jaringan udah full masa gabisa dibuka,NEGATIF,NEGATIF
5,Sangat berguna dan bermanfaat,POSITIF,POSITIF
2,buruk,NEGATIF,NEGATIF
1,"Jujur masih banyak bug disana sini, mohon lebih diperhatikan lagi performance aplikasi nya, mau akses materi tapi loading lama banget ga ada masalh di jaringan karena lancar. Lalu sering dipaksa langsung keluar atau dengan kata lain aplikasi error. Tidak bisa melihat email yg sudah terdaftar dengan kata lain informasi data kurang lengkap. Semoga jadi masukan kalo udh ada perubahan bakal update rating lagi",NETRAL,NEGATIF
5,App ok,POSITIF,POSITIF
2,Paraahhh servernya down mulu,NEGATIF,NEGATIF
5,Sangat bagus,POSITIF,POSITIF
1,"Saya sudah menginstal aplikasi ini berkali-kali tapi tetap saja tidak bisa dibuka, sungguh sangat bikin saya kecewa",NEGATIF,NEGATIF
3,"Ni app bagus, tapi kadang-kadang servernya down, gak respon, dan lama bukanya",NETRAL,NETRAL
4,Aplikasi baguss,POSITIF,POSITIF
5,Terbaik,POSITIF,POSITIF
1,Ga bs di buka app,NEGATIF,NEGATIF
5,Top,POSITIF,POSITIF
5,Membantu sekali untuk mendapatkan pengalaman belajar uiux desain. Penjelasannya pun mudah dipahami. Sukses terus buat Binar Academy,POSITIF,POSITIF
5,Bagus,POSITIF,POSITIF
2,"Bagi saya terlalu banyak kesalahan ejaan sehingga terasa mengganggu, tolong pelajari aturan penulisan bahasa Indonesia kemudian perbaiki lagi penulisannya.",NEGATIF,NEGATIF
5,Mantap Ã°Å¸ËœÂÃ°Å¸ËœÂÃ°Å¸ËœÂ,POSITIF,POSITIF
4,"Keren detail banget jelasinnya ,cuma ada satu kekurangan, terkadang server suka down jadi rada terhambat proses belajarnya",POSITIF,NETRAL
5,Aplikasi Yg sangat bermanfaat,POSITIF,POSITIF
5,"Keren, penjelasan materinya singkat pdat dan jelas sehingga mudah dipahami",POSITIF,POSITIF
1,payah,NEGATIF,NEGATIF
5,Sangat berkualitass Dan baguss,POSITIF,POSITIF
4,"Sudah bagus :D Mungkin ke depannya, course-nya dapat ditambah dan metode pembelajarannya diberi variasi, selain teks-teks saja. Namun, keseluruhan sudah bagus dan saya suka :D",POSITIF,POSITIF
5,Bagus Banget aplikasinya... saya sukaa!!,POSITIF,POSITIF
5,Aplikasi pembelajaran yang asik,POSITIF,POSITIF
5,"Aplikasi nya keren kak,moga bisa terus berkembang yaa",POSITIF,POSITIF
5,Binar Academy Aplikasi nya bagus dan Banyak Course nya yang gratis saya paling suka Course tentang UX Design,POSITIF,POSITIF
5,"diluar ekspektasi, aplikasinya bagus banget",POSITIF,POSITIF
5,gak ngerti lagi sih selama ini bakyak app gratis buat ningkatin skil yg gw coba tapi bru kali ini gw nemu yg pas buruan download penjelasan mudah di mengerti di tambah Q&A pokoknya buruan instal dan buktiin sendiri,POSITIF,POSITIF
5,Suka trimaksshhh,POSITIF,POSITIF
5,"Mahal bet anjir 5 jt :( Sementara perbulan di kasib duit cuma 100 rb :""(",POSITIF,NEGATIF
5,Mantap,POSITIF,POSITIF
5,Bagus banget,POSITIF,POSITIF
4,Coba dulu,POSITIF,NETRAL
1,"Fix""Gak bisa login name dan daftar email tidak bisa, apk tidak berguna-_-",NEGATIF,NEGATIF
1,Kok nggak bisa daftar yah? Sudah isi nama kok nggak jadi2,NEGATIF,NEGATIF
4,Kok mau melanjutkan belajar ga bisa di klik ya,POSITIF,NEGATIF
3,Loh ini gimana. Ga bisa di buka. Mentok cmn ke nama,NETRAL,NEGATIF
1,Gk bisa Masuk,NEGATIF,NEGATIF
1,"Stuck di bagian isi nama anda, tolong periksa aplikasinya",NEGATIF,NEGATIF
1,Gimana ini ditanya nama udah diisi gak bisa lanjut,NEGATIF,NEGATIF
1,"Kenapa ngak bisa masuk... Percuma download, suruh nulis nama panggilan, gue tulis lama banget ngak bisa2 Jelek",NEGATIF,NEGATIF
1,"Baru download, pas mau masukin nickname susah, engga bisa login, selalu FC mulu Tolong diperbaiki ya kak Ã°Å¸â„¢Â(kalo sudah normal bintangnya aku ganti)",NEGATIF,NEGATIF
1,Gagal register.,NEGATIF,NEGATIF
2,Kok gabisa lanjut?,NEGATIF,NEGATIF
2,Koq saya mau daftar gabisa ya.. Pas saya masukin nama saya.. Gabisa diklik selanjutnyaa.. Tolong dong,NEGATIF,NEGATIF
1,Ga jelas anjim tulis nama kagak bisaÃ‚Â² paok,NEGATIF,NEGATIF
2,"Kak, maaf, apk nya tidak bisa lanjut saat mendaftar",NEGATIF,NEGATIF
1,Apk bagus tapi sayang ngelag,NEGATIF,NETRAL
4,Kaaih 4 dulu ntr bagus saya tambah 1 gi,POSITIF,NETRAL
5,Good,POSITIF,POSITIF
5,Ã°Å¸â€˜Â,POSITIF,NETRAL
5,Apk ga jelas login aja susah,POSITIF,NEGATIF
1,Kenapa saya tidak bisa mendaftar?,NEGATIF,NEGATIF
5,"baru ikut""an",POSITIF,NETRAL
1,Kok ga bisa lanjut? Baru buka trus nanya nama udh diisi tpi ga bisa loding lagi. Gimana nih? sinyal 4G full,NEGATIF,NEGATIF
2,Kok ga bisa daftar sih?,NEGATIF,NEGATIF
5,aplikasinya sekarang lagi error ya?,POSITIF,NEGATIF
1,Nge stuck di memasukan nama,NEGATIF,NEGATIF
1,Apk tidak berfungsi jeleeekk,NEGATIF,NEGATIF
1,"Aplikasi nggak jelas, abisin quota aja, Gak bisa daftar, baru tulis nama tekan selanjutnya malah kedip-kedip ndak jelas",NEGATIF,NEGATIF
1,"Apps tidak berjalan dari ""siapa nama anda"" -realme narzo",NEGATIF,NEGATIF
5,Baguusss,POSITIF,POSITIF
5,Bagus,POSITIF,POSITIF
5,Ã°Å¸â€˜Â,POSITIF,NETRAL
5,"Nice, Bagus bet buat belajar/Nambah Wawasan Mudah di pahami lagi pokonya best lah",POSITIF,POSITIF
5,"Developer nya nggak ada obat, keren aplikasinya bagus ",POSITIF,POSITIF
5,Sangat membantu dan luar biasa,POSITIF,POSITIF
5,"damn, di luar ekspetasi. KERENNYA KEBANGETAN, enak banget belajar pake ini. smooth, cepet, penjelasan non-formal, gampang dimengerti, sangat-sangat friendly buat orang yang baru mau belajar pemrograman. sukses binar academy!",POSITIF,POSITIF
1,Ã°Å¸Ëœâ€™,NEGATIF,NETRAL
1,Sangat jelek sekali. Banyak ke materi nya untuk ke praktik kodingan gak ada sama sekali... bahkan untuk memilih ke teori berikutnya tidak.bisa. harus mulai dari materi awal berurutan,NEGATIF,NEGATIF
5,Aplikasi Super Keren. Thanks.,POSITIF,POSITIF
5,Terbaik aplikasinya,POSITIF,POSITIF
5,"Luar biasa cara penyampaianya mudah di mengerti. Terimakasih, good job.",POSITIF,POSITIF
5,Belum nyoba,POSITIF,NETRAL
2,"Kok tidK bisa daftar premium, malah keluar terus.",NEGATIF,NEGATIF
3,Lumayan,NETRAL,NETRAL
5,Penjelasannya mudah dimengerti karena menggunakan bahasa gaul.,POSITIF,POSITIF
1,Gua kaga ada duit bang,NEGATIF,NETRAL
3,Sangat Bagus,NETRAL,POSITIF
4,"Terimakasih binar academy, kali ini saya akan belajar programming bersama teman sya, karena suka sekali dengan dunia IT",POSITIF,POSITIF
5,"Ini sangat bagus sekali karena pembelajarannya sangat mudah di pahami,",POSITIF,POSITIF
5,Mantap,POSITIF,POSITIF
5,Good Ã°Å¸â€˜Â,POSITIF,POSITIF
5,Ã¢ÂÂ¤Ã¯Â¸Â,POSITIF,NETRAL
5,Aku suka,POSITIF,POSITIF
5,Mantab Kak Ã°Å¸â€˜Â,POSITIF,POSITIF
4,"aplikasinya luar biasa keren dan simple........ .....,........................ ........ ....",POSITIF,POSITIF
5,Karna aplikasi ini saya makin mudah memahami membelajaran,POSITIF,POSITIF
5,Terimakasih karna aplikasi ini saya makin mudah belajar,POSITIF,POSITIF
5,Saya banyak terimakasi. Karna dengan aplikasi ini saya bisa belajar apa yang saya impikan meskipun secara online. Terimakasih :),POSITIF,POSITIF
5,Aplikasi ini sangat membantu kita yang mau belajar,POSITIF,POSITIF
4,Lumayan sedikit membantu belajar,POSITIF,POSITIF
4,"Pertahankan dan kembangkan, terimakasih telah menciptakan aplikasi mengedukasi seperti ini.Ã°Å¸â€˜ÂÃ°Å¸â€˜ÂÃ°Å¸â€˜Â",POSITIF,POSITIF
5,Sangan membantu saya Dan pembinaan pembelajaran ya tidak rumit,POSITIF,POSITIF
5,"Sangat mudah, dan di pahami, aplikasinya bagus",POSITIF,POSITIF
5,Gilaaa. Gw download aplikasi ini serasa lagi ikut kelas onlineÃ°Å¸â€˜ÂÃ°Å¸â€˜ÂÃ°Å¸â€˜ÂÃ°Å¸â€˜Â,POSITIF,POSITIF
5,"Penjelasan singkat sangat membantu&mudah di pahami,mksh buat semua materi by.Ã°Å¸â„¢Â",POSITIF,POSITIF
5,Mantaaapp sukses,POSITIF,POSITIF
5,"Saya ingin bekerja sama dengan anda di waktu yang akan datang, untuk mengembang perusahaan antariksa swasta pertama di indonesia.",POSITIF,POSITIF
5,Sangat membantu buat saya yg baru membuka usaha terima kasih semoga kedepan ny bisa saya praktekkan langsung.,POSITIF,POSITIF
5,"Pelajaran ny ckup memuaskan&semoga setelah mengikuti pelatihan ini saya bs menjalankan bisnis kuliner yg sederhana di rumah,terimakasih buat semua penjelasan ny kk..",POSITIF,POSITIF
5,Bagus dan cukup membantu bagi orang orang yang akan memulai bisnis kuliner dan yang sudah berjalan kulinernya.,POSITIF,POSITIF
5,Tidak bisa di ungkapkan dengan kata-kata,POSITIF,POSITIF
5,"Mantap euy, kalimat singkat padat jelas dengan media interaktif yang bagus, perfect lah. Lebih perfect lagi kalo gratis eheeee.",POSITIF,POSITIF
5,Bagus banget kak!,POSITIF,POSITIF
5,Bagus,POSITIF,POSITIF
5,"Aplikasinya bagus, bermanfaat untuk saya",POSITIF,POSITIF
5,Mantap,POSITIF,POSITIF
5,Good app,POSITIF,POSITIF
1,Akh..Berbayar coba kasih gratis dulu 1 bulan,NEGATIF,POSITIF
5,App untuk belajar api yang bagus menurut saya,POSITIF,POSITIF
5,Sangat membantu untuk mengenal Coding.,POSITIF,POSITIF
5,makasih berkat binar academy gua bisa beli rumah,POSITIF,POSITIF
5,"Sangat bermanfaat untuk orang awam yang ingin belajar basic IT, tapi gak punya basic IT sama sekali. Bahasa pengandaiannya sangat mudah dimengerti. Recomended untuk mengisi waktu gabut sambil menambah ilmu Ã°Å¸â€˜Â",POSITIF,POSITIF
5,Ah mantap,POSITIF,POSITIF
5,Terus berkembang Binar Academy,POSITIF,POSITIF
5,Mantap laah Binar nhi pkoe Top. Hebat Miss Ala...Ã°Å¸â„¢Æ’Ã°Å¸â„¢Æ’Ã°Å¸â„¢Æ’ ,POSITIF,POSITIF
5,Ã°Å¸â€˜ÂÃ°Å¸â€˜ÂÃ°Å¸â€˜ÂÃ°Å¸â€˜ÂÃ°Å¸â€˜Â,POSITIF,NETRAL
5,Bagus banget nihh,POSITIF,POSITIF
5,Aplikasi bagus ..teruskan penyempurnaannya,POSITIF,POSITIF
3,Segitu dulu lah. Blum tau isinya kya apa,NETRAL,NETRAL
5,"Baru sadar kalo diatas itu ada tanda simpan wkwkwk, jadi harus nyari halaman yang menurut aku penting, onboarding pas first baca artikel ka please wkwk jadi nyari lagi kan wkwkwk Trims ka.... Tapi untuk yang lainnya mantaps sekali fiturnya dari segi ui dan ux nya, storytellingnya dapet banget wkwk sama yang terasa banget kaya user itu ga boleh patah semangat pas ada kuis wkwk jadi mau nambah lagi gitu! Good deh timnya ini wkwkwk",POSITIF,POSITIF
5,Mantaff bermanfaat Ã¢ÂÂ¤Ã¯Â¸ÂÃ¢ÂÂ¤Ã¯Â¸ÂÃ¢ÂÂ¤Ã¯Â¸Â,POSITIF,POSITIF
5,Bagus,POSITIF,POSITIF
5,Keren,POSITIF,POSITIF
4,cukup bagus,POSITIF,POSITIF
5,Bagus apk ini buat memperdalam dalam bidang IT,POSITIF,POSITIF
5,sempurna menurut saya aplikasinya,POSITIF,POSITIF
5,Bagus banget.... Pgen ngikutin corse nyah tpi nabung dlu...,POSITIF,POSITIF
1,B aja,NEGATIF,NETRAL
5,Sangat baik,POSITIF,POSITIF
5,akhirnya ada aplikasinya juga dari binar academy keren keren,POSITIF,POSITIF
5,Tampilannya menarik banget dan banyak pilihan ecoursenya! Good Job,POSITIF,POSITIF
5,"Yuhuu.. course nya kerenÃ¢ÂÂ¤Ã¯Â¸Â. Apalagi udah update app nya, jadi lebih banyak fitur yg keceh!. Materinya mudah dipahami, sudah aku rekomendasikan ke temen-temen juga nih.",POSITIF,POSITIF
5,"Aku sebagai pengguna baru, dan pemula di bidang ui/ux sangat membantu dengan aplikasi binar academy",POSITIF,POSITIF
5,Mamtqp,POSITIF,POSITIF
1,Berbayar guys 5jutaan,NEGATIF,NEGATIF
4,Aplikasinya banyak bugnya mohon diperbaiki,POSITIF,NEGATIF
5,Tidak seperti yang dulu. Versi sekarang ada banyak pilihan jenis course. Tapi dari segi gambar ada yang kurang pas. Semoga bisa cepet diperbaiki,POSITIF,NETRAL
5,Upgrade terbaru semakin keren. Bisa baca lebih dari satu course,POSITIF,POSITIF
5,"Sangat baik.,materi juga menarik",POSITIF,POSITIF
5,Sangat bagus,POSITIF,POSITIF
5,"Sangat membantu, terimakasih Ã°Å¸â„¢Â",POSITIF,POSITIF
5,BagusÃ°Å¸â€˜ÂÃ°Å¸â€˜Â,POSITIF,POSITIF
5,Nambah pengetahuan,POSITIF,POSITIF
5,Sangat puas,POSITIF,POSITIF
5,Mantap,POSITIF,POSITIF
5,Sangat membantu,POSITIF,POSITIF
5,Sangat puas ...terima kasih,POSITIF,POSITIF
5,Aplikasinya bagus dan bermanfaat,POSITIF,POSITIF
5,sangat memuaskan,POSITIF,POSITIF
5,Keren aplikasi pembelajaran digital dari Binar,POSITIF,POSITIF
5,sangat bermanfaat,POSITIF,POSITIF
5,mantap,POSITIF,POSITIF
5,Keren bngt Ã¢ÂÂ¤Ã¯Â¸Â,POSITIF,POSITIF
5,keren,POSITIF,POSITIF
5,Sangat menbantu,POSITIF,POSITIF
5,Aikasi ini sangat bagus bnget dan membantu dan sangat di rekomendasikan untuk yang sedang mengerjakan bitlabs,POSITIF,POSITIF
5,Aplikasi ini sangat membantu dan sngat di di rekomendasikan untuk kalian yang sedang mengerjakan prakerja,POSITIF,POSITIF
5,materinya bagus,POSITIF,POSITIF
5,good,POSITIF,POSITIF
5,Sangat berguna,POSITIF,POSITIF
5,Sangat bagus,POSITIF,POSITIF
5,sangat baik dan bermanfaat,POSITIF,POSITIF
5,Aplikasi yang sangat membantu,POSITIF,POSITIF
5,sangat baik,POSITIF,POSITIF
5,Sangat puas,POSITIF,POSITIF
5,Msih bingung cara nya gmna,POSITIF,POSITIF
3,"tidak bisa login, karena ada masalah server, tolong diperbaiki...",NETRAL,POSITIF
3,"Baru mau coba hehe , Basmalah",NETRAL,POSITIF
5,"Tampilan menarik. Bahasa dalam aplikasi pun ramah dan bersahabat, jadi bikin aku enak untuk belajar. Walaupun aku baru belajar masih di level awal [Introduction(SDLC)], selama aku belajar aku menikmatinya karena informasi yang disampaikan jelas, alurnya oke dan memotivasi. Selama aku belajar, saat ini pertanyaan ku cuma satu, apakah materi yang sudah kita pelajari tidak bisa kita ulang? -Contoh: aku ingin mereview materi dihalaman sebelunya, tapi ndak bisa. Apa aku yang ngga tau? Thanks.",POSITIF,POSITIF
1,Kok gk bisa daftar ya,NEGATIF,NEGATIF
5,Materi yang sangat bagus menambah wawasan tentang pembuatan aplikasi serta peran peran orang dibalik sebuah aplikasi.,POSITIF,POSITIF
3,"Akhirnya UUD juga, sudah berharap bisa joint . Pupus sudah",NETRAL,NETRAL
5,"Asli, nyenengin",POSITIF,POSITIF
5,Uh keren bangetttt,POSITIF,POSITIF
4,Aplikasinya cukup bagus dan mengudekasi dengan bahasa yg mudah dimengerti,POSITIF,POSITIF
5,Semoga bisa membantu saya mencapai cita cita,POSITIF,POSITIF
5,ganteng banget Binar!!,POSITIF,POSITIF
5,Kerennnnnn kayak akuuu,POSITIF,POSITIF
4,Saya sukak bangetttt tapi sayang ya gak bisa mengulang materi.,POSITIF,POSITIF
5,Nice.. thank so much buat ka ala dan team,POSITIF,POSITIF
